timestamp,close,spread,label,prediction,strategy_return,equity
2026-02-26 11:00:00,5164.75,0.6874072606214268,-1,-1,-0.0038302739262543505,0.9961697260737457
2026-02-26 12:00:00,5183.8150000000005,0.6987066217955042,-1,1,-0.0035531180456470552,0.9926302174435058
2026-02-26 13:00:00,5166.125,0.7266672403901389,-1,0,-0.0,0.9926302174435058
2026-02-26 14:00:00,5164.85,0.8217743929359819,-1,0,0.0,0.9926302174435058
2026-02-26 15:00:00,5185.7415,0.8605165270090696,-1,0,-0.0,0.9926302174435058
2026-02-26 16:00:00,5179.74,0.7223597234496052,0,0,-0.0,0.9926302174435058
2026-02-26 17:00:00,5167.355,0.7030634205721289,0,0,0.0,0.9926302174435058
2026-02-26 18:00:00,5180.48,0.723560522283662,0,0,0.0,0.9926302174435058
2026-02-26 19:00:00,5187.110000000001,0.690625166240408,0,0,0.0,0.9926302174435058
2026-02-26 20:00:00,5196.54,0.6964262493283245,-1,1,-0.0025298422121889643,0.9901190196183228
2026-02-26 21:00:00,5184.12,0.7126805490926016,0,0,0.0,0.9901190196183228
2026-02-26 23:00:00,5184.775,1.222764460999137,0,1,-0.002125022679093796,0.9880149942466319
2026-02-27 00:00:00,5175.01,0.8489302460538519,0,0,0.0,0.9880149942466319
2026-02-27 01:00:00,5194.264999999999,0.8514804879841286,-1,0,-0.0,0.9880149942466319
2026-02-27 02:00:00,5183.775,0.8414029912265232,1,0,0.0,0.9880149942466319
2026-02-27 03:00:00,5184.1,0.8238769073220735,1,1,-0.0006048064094678294,0.9874174364454612
2026-02-27 04:00:00,5181.8185,0.8125618072120214,1,1,0.002938917716393821,0.990319375042907
2026-02-27 05:00:00,5197.889999999999,0.8426645203434255,-1,1,-0.0024890223764532,0.98785444795859
2026-02-27 06:00:00,5185.825000000001,0.8347736314572115,1,1,-0.0020517031776925605,0.9858276638486156
2026-02-27 07:00:00,5176.05,0.7113357297729063,1,1,0.0004112526482988031,0.9862330880861397
2026-02-27 08:00:00,5178.92,0.7336852482960102,1,1,-0.0006987335676734925,0.9855439739219437
2026-02-27 09:00:00,5176.0650000000005,0.7888555264247306,1,1,0.00018153645164341547,0.9857228860779079
2026-02-27 10:00:00,5177.8235,0.8199658085808637,1,1,0.0013895866074652762,0.9870926333990738
2026-02-27 11:00:00,5185.8685000000005,0.8704076433121172,1,1,0.00015158354992767862,0.987242260404552
2026-02-27 12:00:00,5187.555,0.7980797268802167,1,1,0.0067135520053511755,0.9938701626616584
2026-02-27 13:00:00,5223.21,0.8358030444353299,1,1,-4.9931564006638566e-05,0.9938205371700172
2026-02-27 14:00:00,5223.8150000000005,0.8207090677595272,1,1,0.0028646288071533643,0.9966674641099351
2026-02-27 15:00:00,5239.63,0.8151687643646773,-1,1,-0.0021375877236303326,0.9945369999741119
2026-02-27 16:00:00,5229.275,0.8061477063225332,1,1,0.000886136662095089,0.9954182956715991
2026-02-27 17:00:00,5234.745,0.8116742771684954,1,1,0.0018908897611690277,0.997300521934965
2026-02-27 18:00:00,5245.485,0.7950877923903249,1,1,0.0007151697521983381,0.9980137611021045
2026-02-27 19:00:00,5250.0615,0.8048394823143773,1,1,0.002384478832807223,1.0003935037903027
2026-02-27 20:00:00,5263.415,0.777857411243334,1,1,0.0027543225432074283,1.0031489101698705
2026-02-27 21:00:00,5278.719999999999,0.9630915420614157,1,1,0.020342414156829514,1.0235553807615183
2026-03-01 23:00:00,5387.095,2.0442238142885856,-1,1,-0.007721086005405348,1.0156524216353633
2026-03-02 00:00:00,5347.575,1.186231053683009,-1,1,-0.004421860573004058,1.0111613482362578
2026-03-02 01:00:00,5325.145,1.321188195466595,1,1,0.003779955626472731,1.0149834932637953
2026-03-02 02:00:00,5346.625,0.9240817236255534,1,0,0.0,1.0149834932637953
2026-03-02 03:00:00,5366.555,0.8574473071675052,-1,1,-0.0021070216008533906,1.0128449011189788
2026-03-02 04:00:00,5356.135,0.8560859723582507,1,1,0.0017249218004479214,1.0145919793693916
2026-03-02 05:00:00,5366.26,0.8601414392059663,1,1,0.003832251616729983,1.0184801511226511
2026-03-02 06:00:00,5387.715,0.8498833726251562,-1,1,0.003684050961748034,1.0222322839029157
2026-03-02 07:00:00,5408.443499999999,0.754511279995216,-1,1,-0.002771224526981693,1.0193994487254914
2026-03-02 08:00:00,5394.24,0.7281950836504238,-1,1,-0.000534495143644011,1.0188545846707142
2026-03-02 09:00:00,5392.115,0.7274677532558805,-1,1,-0.0006578991273842802,1.018184281128528
2026-03-02 10:00:00,5389.325,0.718201900444606,-1,1,-0.0008516283394385053,1.017317166539948
2026-03-02 11:00:00,5385.4835,0.7377221431958347,-1,1,0.002031159849771092,1.0193835003231069
2026-03-02 12:00:00,5397.1900000000005,0.7483262535399036,-1,1,-0.0007306257985249668,1.01863871243918
2026-03-02 13:00:00,5394.025,0.782381508009856,-1,1,-0.011352168651055412,1.0070749539810766
2026-03-02 14:00:00,5333.6035,1.1342158640226738,-1,1,-0.003528143002010147,1.0035218495296887
2026-03-02 15:00:00,5315.950000000001,0.9869804333764638,-1,1,-0.005036161068741754,0.9984679518594556
2026-03-02 16:00:00,5290.195,1.063033357404743,1,1,0.0029747422623543603,1.0014381366734582
2026-03-02 17:00:00,5307.025,0.8679848510494258,1,1,0.0014710718620980642,1.0029113241379504
2026-03-02 18:00:00,5315.73,0.8111525432756372,1,1,0.0026278323874095364,1.00554680699722
2026-03-02 19:00:00,5330.54,0.7437023572631274,-1,1,0.0002000355766465254,1.0057479521326027
2026-03-02 20:00:00,5332.38,0.7832741765541301,-1,1,-0.0020447294034847447,1.0036914697223827
2026-03-02 21:00:00,5322.29,0.6926157776415194,1,1,0.004341624417752189,1.008049121115219
2026-03-02 23:00:00,5346.12,1.2368120343034081,-1,1,0.00054865733760114,1.0086021946621813
2026-03-03 00:00:00,5350.32,0.8545336076817583,-1,0,-0.0,1.0086021946621813
2026-03-03 01:00:00,5339.24,0.9063186352243089,-1,-1,-0.005387717846589413,1.0031681306178906
2026-03-03 02:00:00,5367.07,0.9301280039503983,-1,0,0.0,1.0031681306178906
2026-03-03 03:00:00,5367.549999999999,0.8525998981670068,-1,1,-0.0013307002073882042,1.001833214578432
2026-03-03 04:00:00,5361.29,0.8457617760068382,-1,1,-0.007983295396445086,0.9938352840884823
2026-03-03 05:00:00,5319.365,0.922967859342634,-1,1,-0.0017940050850698385,0.9920523385351057
2026-03-03 06:00:00,5310.775,1.0117247283211368,-1,1,0.003011476718874336,0.9950398810565089
2026-03-03 07:00:00,5327.81,0.7524623895632115,-1,1,-0.006143699266596169,0.988926655269028
2026-03-03 08:00:00,5295.86,0.7601121289424878,-1,1,-0.004044690027482302,0.98492675348855
2026-03-03 09:00:00,5275.23,1.0344655617652774,-1,1,-0.005311515433784888,0.9796952998362478
2026-03-03 10:00:00,5248.275,0.8798857035787906,-1,1,-0.01988432117287646,0.9602147238427464
2026-03-03 11:00:00,5144.8265,1.9173070092437727,1,1,0.015119303438270542,0.9747325016184202
2026-03-03 12:00:00,5224.5599999999995,1.0856299666574092,-1,1,-0.013151754399730747,0.9619130591516996
2026-03-03 13:00:00,5156.9635,1.2782154637535148,-1,1,-0.0231789919520962,0.9396168840950061
2026-03-03 14:00:00,5038.7384999999995,1.2981005823567682,1,1,0.011021290233189119,0.949972674482622
2026-03-03 15:00:00,5095.6,1.3407907971839506,0,1,0.0019476036586106324,0.9518228447390245
2026-03-03 16:00:00,5106.895,0.9928764901101882,0,1,-0.005582526464732709,0.9465092685185317
2026-03-03 17:00:00,5079.4085,0.952816367325019,0,0,0.0,0.9465092685185317
2026-03-03 18:00:00,5136.15,0.8354958668536435,0,0,-0.0,0.9465092685185317
2026-03-03 19:00:00,5113.445,0.8455827338129523,0,0,-0.0,0.9465092685185317
2026-03-03 20:00:00,5097.4349999999995,0.8141049649669752,0,1,-0.002046932420907259,0.9445718280101119
2026-03-03 21:00:00,5087.844999999999,0.8654336629968158,0,1,0.007216133026262352,0.9513879839738926
2026-03-03 23:00:00,5125.455,1.4777067432881543,0,1,0.0023192659494059393,0.9535945057297972
2026-03-04 00:00:00,5138.85,0.9549614092760657,0,1,0.006893573190640594,0.9601681792492383
2026-03-04 01:00:00,5175.26,1.006574050102795,0,1,-0.0038177935118433822,0.956502455404222
2026-03-04 02:00:00,5156.538500000001,0.9102839709927493,0,1,0.0032876155252225163,0.9596470677265224
2026-03-04 03:00:00,5174.431500000001,0.938641420648704,0,1,-0.003566602711940325,0.9562243878922634
2026-03-04 04:00:00,5156.945,0.8951557040495868,0,1,0.0004026306846302863,0.9566093931722206
2026-03-04 05:00:00,5159.9465,0.8579277670969502,0,1,-6.481225475817533e-05,0.9565473931605263
2026-03-04 06:00:00,5160.5,1.001086245853567,-1,1,0.0013262113659812723,0.9578159771854355
2026-03-04 07:00:00,5168.375,0.7607468256426144,-1,1,-0.0002932733839249475,0.957535075252629
2026-03-04 08:00:00,5167.65,0.7317210180950484,-1,1,0.002692380285411107,0.9601131238118288
2026-03-04 09:00:00,5182.325,0.7222868374334257,-1,1,0.0013290778101656118,0.9613891888599359
2026-03-04 10:00:00,5189.965,0.7666157890945876,-1,1,0.00029930533460348677,0.9616769377727917
2026-03-04 11:00:00,5192.3150000000005,0.6712974869243492,-1,1,-0.004187206956227715,0.9576501974093057
2026-03-04 12:00:00,5171.275,0.71629320485546,-1,1,-0.0007892237803743431,0.95689439710023
2026-03-04 13:00:00,5167.94,0.6857313536253407,-1,1,-0.004098776563509845,0.9529723007716417
2026-03-04 14:00:00,5147.4735,0.7922994319555248,-1,1,0.0006079099908032529,0.9535516221542395
2026-03-04 15:00:00,5151.425,0.8450694737997877,-1,1,-0.0004740570762070486,0.9530995842602286
2026-03-04 16:00:00,5149.858,0.7562260950140834,-1,1,-0.0018329099744137803,0.9513526385256283
2026-03-04 17:00:00,5141.205,0.7743985050810419,-1,1,-0.0015527290790935645,0.9498754456193172
2026-03-04 18:00:00,5134.0265,0.7945562811087254,1,1,0.0006415907122591467,0.9504848768830297
2026-03-04 19:00:00,5138.145,0.7906278727165645,1,1,-0.0007863981792489228,0.9497374173064452
2026-03-04 20:00:00,5134.925,0.8010906803704362,1,-1,-0.001297212847387409,0.9485054057270708
2026-03-04 21:00:00,5140.755,0.8051743976397319,1,1,0.004631581470496009,0.9528984857889016
2026-03-04 23:00:00,5165.4,1.100124239967587,-1,1,0.0011925263793766464,0.9540348423700729
2026-03-05 00:00:00,5172.69,0.7496758949880676,-1,1,-0.00015072929075356684,0.9538910413749282
2026-03-05 01:00:00,5172.69,0.7744288275367566,-1,0,0.0,0.9538910413749282
2026-03-05 02:00:00,5192.115,0.7706780271751332,-1,1,-0.0024317023076674835,0.9515714623283534
2026-03-05 03:00:00,5180.29,0.7348289920724853,-1,1,-0.0017971636707737563,0.9498613326661118
2026-03-05 04:00:00,5171.745,0.7424264150943399,-1,1,-0.0046014307385795475,0.9454906115325938
2026-03-05 05:00:00,5148.719999999999,0.7511100175404436,-1,1,0.0035385280190922646,0.9488362565532906
2026-03-05 06:00:00,5167.72,0.7891168294083873,-1,1,-0.001213130128839807,0.9476851947031302
2026-03-05 07:00:00,5162.27,0.7043578114298803,-1,1,0.0004979674035976264,0.9481571110389644
2026-03-05 08:00:00,5165.575,0.8233482768482742,-1,1,-0.0010150560734958575,0.947194678404776
2026-03-05 09:00:00,5161.1849999999995,0.8112974955729867,-1,1,0.0005267593594158912,0.9476936220668146
2026-03-05 10:00:00,5164.745,0.7965133036726917,-1,1,-0.0003006950592280084,0.9474086552769972
2026-03-05 11:00:00,5164.0185,0.8203308133837446,-1,1,-0.00039965596819286405,0.9470300177535982
2026-03-05 12:00:00,5162.805,0.8276164610100517,-1,1,-0.008812867513107623,0.9386839676761998
2026-03-05 13:00:00,5118.163500000001,0.8812636299268439,-1,0,-0.0,0.9386839676761998
2026-03-05 14:00:00,5102.125,0.8262111859838317,-1,0,0.0,0.9386839676761998
2026-03-05 15:00:00,5102.645,0.8150994037528626,-1,0,-0.0,0.9386839676761998
2026-03-05 16:00:00,5077.825,0.8218112067126575,1,0,-0.0,0.9386839676761998
2026-03-05 17:00:00,5062.995,0.8262988374743628,1,0,0.0,0.9386839676761998
2026-03-05 18:00:00,5069.593500000001,0.8208226570385972,1,0,-0.0,0.9386839676761998
2026-03-05 19:00:00,5066.2235,0.828690797369308,1,0,0.0,0.9386839676761998
2026-03-05 20:00:00,5076.7785,0.8077063746095444,1,1,0.0011865385943842278,0.9397977524317774
2026-03-05 21:00:00,5083.639999999999,0.8057517392896443,1,1,0.0003598304090595641,0.9401359202414682
2026-03-05 23:00:00,5086.305,0.9936057707635971,1,1,-0.0005079533710156856,0.9396583750315686
2026-03-06 00:00:00,5084.745,0.8171826944885491,1,1,0.009662788852835608,0.9487380955032972
2026-03-06 01:00:00,5134.725,0.7842199969578664,-1,1,-0.0017876750939842803,0.947042060039252
2026-03-06 02:00:00,5126.36,0.7515933513362514,-1,1,0.0007770438768764215,0.9477779532731498
2026-03-06 03:00:00,5131.125,0.779281902692261,-1,1,-0.0008310617852210253,0.9469902912353095
2026-03-06 04:00:00,5127.67,0.7725135184508536,-1,1,-0.0021476642448618726,0.9449564740465921
2026-03-06 05:00:00,5117.46,0.7515626039933467,-1,1,-0.00048296666783779037,0.9445000915670702
2026-03-06 06:00:00,5115.77,0.7497757434259044,-1,1,0.0006451080202148038,0.9451093961512337
2026-03-06 07:00:00,5119.85,0.6988427787934176,-1,1,-0.002278454013065659,0.9429560078547868
2026-03-06 08:00:00,5108.9135,0.8100803489439797,-1,1,-0.0046964154607321736,0.9385274946807073
2026-03-06 09:00:00,5085.76,0.8285598004054194,1,1,0.0008900223761237957,0.9393628051515807
2026-03-06 10:00:00,5091.145,0.850163999015019,-1,1,-0.0029201022557825153,0.9366197697052593
2026-03-06 11:00:00,5077.1585,0.882926723095533,1,1,0.0010229291200784712,0.937577865342132
2026-03-06 12:00:00,5083.264999999999,0.9978842927726091,1,1,0.00017746777066074963,0.9377442551957151
2026-03-06 13:00:00,5085.195,0.9791897379223287,1,1,0.008661577434509005,0.9458665996758587
2026-03-06 14:00:00,5130.25,0.8358527883174481,1,1,0.00212906724071587,0.947880413267316
2026-03-06 15:00:00,5142.038500000001,0.8179397070207856,1,1,-0.0005817614370294484,0.9473289729959615
2026-03-06 16:00:00,5139.895,0.8292877190033994,1,1,4.029708971821504e-06,0.9473327904560233
2026-03-06 17:00:00,5140.775,0.8239882618278714,1,1,0.0037651933294439227,0.9508996815594118
2026-03-06 18:00:00,5160.985,0.8215563452353938,-1,1,-0.0003761987963992563,0.9505419542437128
2026-03-06 19:00:00,5159.895,0.8243276357368615,-1,1,-0.0013826497701479002,0.9492276876291618
2026-03-06 20:00:00,5153.615,0.8226035936689189,1,1,0.0035474897535673865,0.9525950631248288
2026-03-06 21:00:00,5172.75,0.9683327430145716,-1,1,-0.00837240012430796,0.9446195560999073
2026-03-08 22:00:00,5130.4400000000005,2.374866628330477,-1,1,-0.011056530556508008,0.9341753411136137
2026-03-08 23:00:00,5076.12,1.383195782549822,-1,0,-0.0,0.9341753411136137
2026-03-09 00:00:00,5050.115,0.999800231230074,1,0,0.0,0.9341753411136137
2026-03-09 01:00:00,5070.26,0.9700717709590054,1,0,0.0,0.9341753411136137
2026-03-09 02:00:00,5094.73,0.7702961248205937,0,0,-0.0,0.9341753411136137
2026-03-09 03:00:00,5091.49,0.7607633001645387,0,1,-0.000370375528610262,0.933829345427834
2026-03-09 04:00:00,5090.395,0.7393117927743712,0,0,0.0,0.933829345427834
2026-03-09 05:00:00,5124.405,0.747094883766171,-1,0,-0.0,0.933829345427834
2026-03-09 06:00:00,5097.77,0.7643550896909433,0,1,9.330450575617339e-05,0.9339164759133697
2026-03-09 07:00:00,5099.04,0.6698954823318931,0,1,-0.0005942090045051143,0.9333615343339262
2026-03-09 08:00:00,5096.71,0.6734289603318652,0,1,0.0015640621184388815,0.934821369752586
2026-03-09 09:00:00,5105.385,0.7874347121781874,-1,1,-0.00368384259212141,0.9313776349746662
2026-03-09 10:00:00,5087.395,0.8177538180989228,1,1,-6.4382298011457215e-06,0.9313716385514206
2026-03-09 11:00:00,5088.21,0.8216541546358693,1,1,0.0011683570146207422,0.932459813138541
2026-03-09 12:00:00,5095.0064999999995,0.8091926203435383,1,1,-0.004232711502986734,0.9285129797613966
2026-03-09 13:00:00,5074.280000000001,0.8105688051100511,1,0,0.0,0.9285129797613966
2026-03-09 14:00:00,5094.09,0.8102697293060913,1,1,0.0009287684887181011,0.9293753533583646
2026-03-09 15:00:00,5099.6615,0.8152109319631529,1,1,0.0008284449993468521,0.9301452897223705
2026-03-09 16:00:00,5104.7315,0.7963331929455185,1,1,-0.0018733273616732668,0.9284028231008021
2026-03-09 17:00:00,5095.995,0.7192492260061994,1,1,0.0052179703421988514,0.9332472014973558
2026-03-09 18:00:00,5123.335,0.7191485548784375,1,1,0.0033375431130546964,0.9363619542674909
2026-03-09 19:00:00,5141.1835,0.8203023307239816,1,1,-0.0004986794053788876,0.9358950098449175
2026-03-09 20:00:00,5139.47,0.8149407049067023,1,1,0.0024992964829239216,0.938234088951409
2026-03-09 22:00:00,5153.16,1.1359533115218028,0,1,-0.0028091410535518112,0.9355984570542939
2026-03-09 23:00:00,5139.85,0.9865696003356864,1,1,-0.0018846016129528684,0.9338352266930532
2026-03-10 00:00:00,5131.18,0.7539825559701471,1,-1,-0.010512978019864809,0.9240178374806536
2026-03-10 01:00:00,5184.34,0.7550860167837571,-1,1,-0.003681295211499282,0.9206162550401962
2026-03-10 02:00:00,5166.04,0.750066058294743,1,1,-0.001755709607028681,0.9189999202368354
2026-03-10 03:00:00,5157.75,0.6977468673718489,1,1,0.0010919980868844608,0.9200034663915809
2026-03-10 04:00:00,5164.11,0.7381801665405018,1,1,0.002562265295173628,0.9223607593449554
2026-03-10 05:00:00,5178.11,0.7338303145853269,1,1,-0.0006708683891584564,0.9217419766681108
2026-03-10 06:00:00,5175.4,0.7385238593553802,1,1,0.0009692924490173337,0.9226354142060373
2026-03-10 07:00:00,5181.1849999999995,0.658524737517947,-1,1,0.0002917238551572615,0.9229045689659741
2026-03-10 08:00:00,5183.385,0.6579360316544351,-1,1,-0.0002706602020985073,0.92265477542882
2026-03-10 09:00:00,5182.67,0.662813401693095,-1,1,-0.0011582472744150472,0.9215861130499535
2026-03-10 10:00:00,5177.360000000001,0.6529384895962862,1,1,-0.0005317263025165688,0.9210960814736109
2026-03-10 11:00:00,5175.29,0.6298862314156441,1,1,0.0021641519158508674,0.9230894733230147
2026-03-10 12:00:00,5187.15,0.6335844819575682,1,1,0.0034096595467727874,0.9262368941582559
2026-03-10 13:00:00,5205.5,0.6365162002945499,-1,1,0.0001332213619644258,0.9263602886987975
2026-03-10 14:00:00,5206.860000000001,0.7583815867881142,-1,1,0.004060339324124704,0.9301216258073087
2026-03-10 15:00:00,5228.790000000001,0.7714740230905888,-1,1,-0.00034644229794864446,0.9297993923338923
2026-03-10 16:00:00,5227.780000000001,0.7539264396529106,-1,1,-0.0001652568470082801,0.929645736617965
2026-03-10 17:00:00,5227.700000000001,0.7687033520862643,-1,1,-0.007016221923998607,0.9231231358191542
2026-03-10 18:00:00,5191.82,0.7725545924453326,0,1,0.001219022502235237,0.9242484436940517
2026-03-10 19:00:00,5198.9515,0.7703257670242016,0,1,-0.0016333727612238473,0.9227388014615182
2026-03-10 20:00:00,5191.26,0.7413179060495858,0,1,-0.000513616714641573,0.9222648673898393
2026-03-10 22:00:00,5189.365,1.1826552450229775,0,1,0.0013298052372453793,0.9234913000406217
2026-03-10 23:00:00,5197.4785,0.9011254848277539,0,1,0.003261268808552665,0.926503053412414
2026-03-11 00:00:00,5215.360000000001,0.7074510020902509,-1,0,-0.0,0.926503053412414
2026-03-11 01:00:00,5208.549999999999,0.7141703075113469,-1,0,0.0,0.926503053412414
2026-03-11 02:00:00,5217.5,0.7128289568530551,-1,0,-0.0,0.926503053412414
2026-03-11 03:00:00,5203.5,0.7060440012180216,-1,1,6.417910998014722e-05,0.926562515553776
2026-03-11 04:00:00,5204.57,0.7067174460935299,-1,1,-0.0010465259274239137,0.9255928438578699
2026-03-11 05:00:00,5199.860000000001,0.7108207155820592,-1,1,-0.0005732501866554185,0.9250622475873614
2026-03-11 06:00:00,5197.620000000001,0.7086910534674457,-1,1,-0.0004961292001853885,0.9246032971943442
2026-03-11 07:00:00,5195.780000000001,0.6335195251483938,-1,1,-0.0016674146182379963,0.9230616001405313
2026-03-11 08:00:00,5187.780000000001,0.6329842478614698,-1,1,-0.00012105067058765526,0.9229498629148406
2026-03-11 09:00:00,5187.8150000000005,0.629255424674522,-1,1,-0.00047308075262410536,0.9225132330990585
2026-03-11 10:00:00,5186.02,0.7005101351351303,-1,1,-0.0010355745128511236,0.9215579019070933
2026-03-11 11:00:00,5181.379999999999,0.7632701925840779,-1,1,-0.0028087633396088976,0.9189694638568898
2026-03-11 12:00:00,5167.620000000001,0.7790933340348324,-1,1,0.0016757049988126939,0.9205093855812311
2026-03-11 13:00:00,5177.0885,0.7532607438319112,-1,0,0.0,0.9205093855812311
2026-03-11 14:00:00,5183.3685000000005,0.7598165438467209,-1,0,-0.0,0.9205093855812311
2026-03-11 15:00:00,5166.5,0.7618929721939676,-1,0,0.0,0.9205093855812311
2026-03-11 16:00:00,5175.825,0.7222541774972264,-1,0,-0.0,0.9205093855812311
2026-03-11 17:00:00,5170.0,0.7080267462630503,-1,0,0.0,0.9205093855812311
2026-03-11 18:00:00,5172.6,0.7232137519664549,-1,0,0.0,0.9205093855812311
2026-03-11 19:00:00,5183.295,0.7405520374449408,-1,-1,0.0011603522397538822,0.9215775007085047
2026-03-11 20:00:00,5176.51,0.7433320139697301,-1,1,-0.007391723770256331,0.9147654543903843
2026-03-11 22:00:00,5139.02,0.8266118148189754,1,1,-0.0010416600470168037,0.9138125797641546
2026-03-11 23:00:00,5134.523499999999,0.9039215085670608,1,1,0.0034282788834121202,0.9169453841347565
2026-03-12 00:00:00,5153.0599999999995,0.7088622663446912,1,0,0.0,0.9169453841347565
2026-03-12 01:00:00,5168.65,0.714752682993948,-1,1,-0.0035753538511977736,0.9136669799242523
2026-03-12 02:00:00,5150.915,0.7075112683007072,1,0,0.0,0.9136669799242523
2026-03-12 03:00:00,5153.0315,0.6949770939379932,1,1,-0.0021592099900687466,0.9116941810536039
2026-03-12 04:00:00,5142.629999999999,0.7002896622313199,1,1,0.002209902391921936,0.9137089362050156
2026-03-12 05:00:00,5154.725,0.6967805287922954,1,1,0.002092879730966606,0.9156212191176021
2026-03-12 06:00:00,5166.24,0.6989381219824661,-1,1,0.0029426743391747123,0.9183155941835033
2026-03-12 07:00:00,5182.1715,0.6222662079915379,-1,1,-0.0008787370715136565,0.9175086362275452
2026-03-12 08:00:00,5178.27,0.6291976769911491,-1,1,0.0018038461345216308,0.9191636806343944
2026-03-12 09:00:00,5188.27,0.6238776028440891,-1,1,-0.0012574283148033757,0.9180078981964258
2026-03-12 10:00:00,5182.4,0.6236021883548271,-1,1,-0.0007532421635448242,0.9173164159410372
2026-03-12 11:00:00,5179.15,0.6274924266330123,-1,1,0.00033355040370850944,0.9176223872019028
2026-03-12 12:00:00,5181.535,0.6264007580445562,-1,1,-0.005954104480244593,0.9121587676350912
2026-03-12 13:00:00,5151.34,0.6325047381946719,-1,0,-0.0,0.9121587676350912
2026-03-12 14:00:00,5142.99,0.6354556455123205,-1,0,-0.0,0.9121587676350912
2026-03-12 15:00:00,5132.4349999999995,0.6346865205086014,-1,0,-0.0,0.9121587676350912
2026-03-12 16:00:00,5123.530000000001,0.6180446541766433,-1,0,-0.0,0.9121587676350912
2026-03-12 17:00:00,5105.585,0.6225357658791263,-1,0,-0.0,0.9121587676350912
2026-03-12 18:00:00,5094.6185000000005,0.604809133052703,-1,-1,0.001784960123500365,0.913786934661621
2026-03-12 19:00:00,5084.89,0.594811369232417,-1,1,-0.0011415805197816735,0.9127437732977803
2026-03-12 20:00:00,5079.71,0.6442583482944413,1,0,0.0,0.9127437732977803
2026-03-12 22:00:00,5096.049999999999,0.9498180817393782,-1,0,0.0,0.9127437732977803
2026-03-12 23:00:00,5098.129999999999,0.8887596680757863,-1,1,0.0029071915255055054,0.9153972942604696
2026-03-13 00:00:00,5113.870000000001,0.7006986219292989,-1,1,0.0019345038841564071,0.9171681338817628
2026-03-13 01:00:00,5124.4935000000005,0.6965783123826116,-1,1,-0.002536851361482606,0.9148414146526164
2026-03-13 02:00:00,5112.219999999999,0.7088799758745424,-1,1,0.0005535012233680866,0.9153477804948145
2026-03-13 03:00:00,5115.788500000001,0.7223509394297827,-1,1,-0.0023771215208429966,0.9131718875867444
2026-03-13 04:00:00,5104.379999999999,0.7025706935123016,-1,1,-0.0004070172466610607,0.9128002108793306
2026-03-13 05:00:00,5103.035,0.7022490070609049,-1,1,-0.0030133536232969846,0.9100496210565311
2026-03-13 06:00:00,5088.389999999999,0.7016077838135246,-1,1,-0.0007382704124119961,0.9093777583474782
2026-03-13 07:00:00,5085.365,0.6292142083408537,-1,1,0.00028430324896214714,0.9096362973987103
2026-03-13 08:00:00,5087.469999999999,0.6300559987607424,1,1,0.0002869685720486624,0.9098973344280584
2026-03-13 09:00:00,5089.59,0.6705609834657483,1,1,0.0009135193633543063,0.9107285432617229
2026-03-13 10:00:00,5094.9400000000005,0.6292910853629721,-1,1,0.0024192059012738006,0.9129317831280401
2026-03-13 11:00:00,5107.924999999999,0.627595942982452,-1,1,0.0019239523009869314,0.9146882203328334
2026-03-13 12:00:00,5118.41,0.641884288380451,-1,1,-0.0033217120723780533,0.9116498894288918
2026-03-13 13:00:00,5102.08,0.6329561462481237,-1,1,-0.01194110169700366,0.9007637853871593
2026-03-13 14:00:00,5041.818499999999,0.6640750339520127,-1,0,-0.0,0.9007637853871593
2026-03-13 15:00:00,5034.860000000001,0.6357798582420523,-1,1,0.0020932498901175935,0.9026493090819429
2026-03-13 16:00:00,5046.0650000000005,0.619244265963398,-1,1,-5.038465932650473e-05,0.9026038294040135
2026-03-13 17:00:00,5046.46,0.6169814824057904,-1,0,0.0,0.9026038294040135
2026-03-13 18:00:00,5046.610000000001,0.6156901337912248,-1,1,-0.006124743170919109,0.8970756127638259
2026-03-13 19:00:00,5016.3465,0.6270752142732283,-1,0,0.0,0.8970756127638259
2026-03-13 20:00:00,5019.025,0.9420405420415509,-1,0,0.0,0.8970756127638259
2026-03-15 22:00:00,5025.049999999999,1.1327892649974345,-1,0,-0.0,0.8970756127638259
2026-03-15 23:00:00,4997.610000000001,0.9084913311226964,0,0,0.0,0.8970756127638259
2026-03-16 00:00:00,5025.77,0.7441696833986464,-1,0,-0.0,0.8970756127638259
2026-03-16 01:00:00,5016.0599999999995,0.7293497514854786,-1,0,-0.0,0.8970756127638259
2026-03-16 02:00:00,5003.65,0.721774622834177,0,0,0.0,0.8970756127638259
2026-03-16 03:00:00,5019.280000000001,0.7129367669012598,-1,0,-0.0,0.8970756127638259
2026-03-16 04:00:00,5012.780000000001,0.7106913758813989,-1,0,0.0,0.8970756127638259
2026-03-16 05:00:00,5017.5785,0.7177580805295127,-1,0,-0.0,0.8970756127638259
2026-03-16 06:00:00,5012.280000000001,0.7107236363636366,-1,0,-0.0,0.8970756127638259
2026-03-16 07:00:00,4995.788500000001,0.6595408348457414,1,0,-0.0,0.8970756127638259
2026-03-16 08:00:00,4991.1900000000005,0.6535865538379617,1,0,-0.0,0.8970756127638259
2026-03-16 09:00:00,4975.51,0.638351673427998,1,0,0.0,0.8970756127638259
2026-03-16 10:00:00,4998.8099999999995,0.6311658536585363,0,0,-0.0,0.8970756127638259
2026-03-16 11:00:00,4997.16,0.623237466806146,0,0,0.0,0.8970756127638259
2026-03-16 12:00:00,5019.99,0.6231025448077674,-1,0,0.0,0.8970756127638259
2026-03-16 13:00:00,5029.95,0.6293852618870762,-1,0,-0.0,0.8970756127638259
2026-03-16 14:00:00,4996.0650000000005,0.6280465585343292,0,0,-0.0,0.8970756127638259
2026-03-16 15:00:00,4987.1885,0.6297932700048283,1,0,0.0,0.8970756127638259
2026-03-16 16:00:00,4990.7785,0.615552697302701,1,0,0.0,0.8970756127638259
2026-03-16 17:00:00,4991.405,0.6099438877755503,1,0,0.0,0.8970756127638259
2026-03-16 18:00:00,5012.88,0.5946995080106015,0,0,0.0,0.8970756127638259
2026-03-16 19:00:00,5012.91,0.5855608153331384,0,0,-0.0,0.8970756127638259
2026-03-16 20:00:00,5005.235000000001,0.6031069478440969,1,0,-0.0,0.8970756127638259
2026-03-16 22:00:00,5002.4349999999995,0.8686911016366466,1,0,0.0,0.8970756127638259
2026-03-16 23:00:00,5013.0,0.8530870179689156,0,0,-0.0,0.8970756127638259
2026-03-17 00:00:00,5003.040000000001,0.729568163638442,1,0,0.0,0.8970756127638259
2026-03-17 01:00:00,5028.0735,0.7173269068984875,-1,0,-0.0,0.8970756127638259
2026-03-17 02:00:00,5022.620000000001,0.7146604392002627,-1,0,0.0,0.8970756127638259
2026-03-17 03:00:00,5027.620000000001,0.7094471825911544,-1,0,0.0,0.8970756127638259
2026-03-17 04:00:00,5038.0599999999995,0.6776536579244575,-1,0,-0.0,0.8970756127638259
2026-03-17 05:00:00,5020.879999999999,0.7133273218246649,-1,-1,0.0020009784496292783,0.8988706417326543
2026-03-17 06:00:00,5010.09,0.7200883051115731,-1,0,0.0,0.8988706417326543
2026-03-17 07:00:00,5021.27,0.6284588128798696,-1,0,0.0,0.8988706417326543
2026-03-17 08:00:00,5024.9735,0.6299656544502666,-1,1,-0.002989760175740142,0.89618323408486
2026-03-17 09:00:00,5010.610000000001,0.6300766874779142,-1,0,-0.0,0.89618323408486
2026-03-17 10:00:00,5000.44,0.6374185406585077,1,-1,-0.0007114211030745905,0.8955456704199104
2026-03-17 11:00:00,5003.33,0.6244231713303904,1,-1,-0.0018096793877936997,0.8939250198793236
2026-03-17 12:00:00,5011.73,0.624055393586012,-1,0,0.0,0.8939250198793236
2026-03-17 13:00:00,5016.79,0.6330809925093653,-1,0,-0.0,0.8939250198793236
2026-03-17 14:00:00,5007.8099999999995,0.6228513943655293,-1,0,-0.0,0.8939250198793236
2026-03-17 15:00:00,4998.0535,0.6325320356853181,0,0,0.0,0.8939250198793236
2026-03-17 16:00:00,5001.985000000001,0.6110320269475534,0,0,0.0,0.8939250198793236
2026-03-17 17:00:00,5002.53,0.6075847688123285,-1,0,0.0,0.8939250198793236
2026-03-17 18:00:00,5003.875,0.617350454003499,-1,0,-0.0,0.8939250198793236
2026-03-17 19:00:00,5000.365,0.5854883945841542,-1,0,0.0,0.8939250198793236
2026-03-17 20:00:00,5006.9349999999995,0.5878693832599317,-1,0,-0.0,0.8939250198793236
2026-03-17 22:00:00,4999.8485,0.7894737397730336,-1,-1,-0.0007979189248980441,0.8932117401885221
2026-03-17 23:00:00,5003.0185,0.957446055293335,-1,1,8.675841288752317e-05,0.8932892338214735
2026-03-18 00:00:00,5004.4400000000005,0.6943735931924343,-1,-1,0.0009742601383587474,0.8941595299140107
2026-03-18 01:00:00,4998.84,0.7228924905076707,-1,0,-0.0,0.8941595299140107
2026-03-18 02:00:00,4991.93,0.7052973733583411,-1,0,-0.0,0.8941595299140107
2026-03-18 03:00:00,4991.32,0.7003292255511597,1,1,-0.0009957945444393139,0.8932691307322639
2026-03-18 04:00:00,4987.08,0.7043845459469202,1,1,0.0020040014305068078,0.8950592433480788
2026-03-18 05:00:00,4997.808499999999,0.7146566726780955,-1,1,0.002182325178590111,0.8970125536711673
2026-03-18 06:00:00,5009.459999999999,0.696965794392528,-1,1,-0.0030047082508676145,0.8943172926500197
2026-03-18 07:00:00,4995.135,0.7235983808009321,-1,1,-0.0016583332343974202,0.8928342165615218
2026-03-18 08:00:00,4987.605,2.14923219408242,-1,0,0.0,0.8928342165615218
2026-03-18 09:00:00,4992.27,1.606872316525194,-1,0,-0.0,0.8928342165615218
2026-03-18 10:00:00,4967.96,0.6473594127652016,-1,0,-0.0,0.8928342165615218
2026-03-18 11:00:00,4930.39,0.6615743047353164,-1,0,-0.0,0.8928342165615218
2026-03-18 12:00:00,4881.709999999999,0.7423653878769422,-1,1,-0.000839329945424005,0.8920848340672626
2026-03-18 13:00:00,4878.385,0.7612577799629852,-1,0,-0.0,0.8920848340672626
2026-03-18 14:00:00,4869.66,0.739094146159589,-1,0,-0.0,0.8920848340672626
2026-03-18 15:00:00,4862.58,0.7594450803340592,-1,0,0.0,0.8920848340672626
2026-03-18 16:00:00,4886.91,0.5843374283374342,-1,0,0.0,0.8920848340672626
2026-03-18 17:00:00,4890.4335,0.5700913488901581,-1,0,-0.0,0.8920848340672626
2026-03-18 18:00:00,4853.09,0.5831070865505139,-1,0,-0.0,0.8920848340672626
2026-03-18 19:00:00,4843.225,0.6357320983552115,-1,0,-0.0,0.8920848340672626
2026-03-18 20:00:00,4818.5650000000005,0.5937206757253092,-1,1,0.0031983130505190806,0.89493800063423
2026-03-18 22:00:00,4834.6,0.9363407129455905,-1,0,0.0,0.89493800063423
2026-03-18 23:00:00,4836.955,0.8882129380054005,-1,-1,-0.001112934260915252,0.8939419934719292
2026-03-19 00:00:00,4841.42,0.8387056078804188,-1,0,0.0,0.8939419934719292
2026-03-19 01:00:00,4849.915,0.6727142434113121,-1,0,0.0,0.8939419934719292
2026-03-19 02:00:00,4858.835,0.6806698088953628,-1,0,-0.0,0.8939419934719292
2026-03-19 03:00:00,4850.924999999999,0.6766197039305768,-1,0,-0.0,0.8939419934719292
2026-03-19 04:00:00,4849.825,0.653612125776689,-1,1,-0.004709162109102155,0.889732275708536
2026-03-19 05:00:00,4827.67,0.6636310906744137,-1,1,-0.013384019846152432,0.8778240812726905
2026-03-19 06:00:00,4763.75,0.6948980554374302,-1,0,-0.0,0.8778240812726905
2026-03-19 07:00:00,4727.925,0.6147957554517165,-1,0,-0.0,0.8778240812726905
2026-03-19 08:00:00,4709.4349999999995,0.7444842643721002,-1,1,-0.0023295754722959033,0.8757791238239669
2026-03-19 09:00:00,4699.2384999999995,0.8494914072632973,-1,1,-0.004421884823948206,0.871906529407199
2026-03-19 10:00:00,4679.3385,0.8514948636902525,-1,1,-0.006066027252290075,0.8666175206383653
2026-03-19 11:00:00,4651.835,0.8494115558424832,-1,0,-0.0,0.8666175206383653
2026-03-19 12:00:00,4574.4349999999995,0.8538446961620513,-1,1,0.010049581052925331,0.8753266636539057
2026-03-19 13:00:00,4621.29,1.0133697447680619,-1,0,-0.0,0.8753266636539057
2026-03-19 14:00:00,4601.965,0.7830246513291209,1,0,-0.0,0.8753266636539057
2026-03-19 15:00:00,4596.514999999999,0.7120834129431987,1,0,-0.0,0.8753266636539057
2026-03-19 16:00:00,4584.995,0.7045762978183354,1,0,0.0,0.8753266636539057
2026-03-19 17:00:00,4616.102,0.7081857225769036,1,0,0.0,0.8753266636539057
2026-03-19 18:00:00,4623.014999999999,0.70904365130312,1,0,0.0,0.8753266636539057
2026-03-19 19:00:00,4644.120000000001,0.7132686117000632,0,0,0.0,0.8753266636539057
2026-03-19 20:00:00,4650.038500000001,0.7226386614817807,0,0,-0.0,0.8753266636539057
2026-03-19 22:00:00,4636.450000000001,0.7970543061366834,1,0,0.0,0.8753266636539057
2026-03-19 23:00:00,4643.65,0.8660686155095528,1,0,0.0,0.8753266636539057
2026-03-20 00:00:00,4648.715,0.6705317220543787,1,0,0.0,0.8753266636539057
2026-03-20 01:00:00,4677.395,0.6775477051460345,-1,0,0.0,0.8753266636539057
2026-03-20 02:00:00,4698.32,0.6950952921535878,-1,1,0.005722237886701453,0.880335491051906
2026-03-20 03:00:00,4725.93,0.7002400000000035,-1,1,-0.001016781882084734,0.8794403818744483
2026-03-20 04:00:00,4721.855,0.6707399659073146,-1,0,-0.0,0.8794403818744483
2026-03-20 05:00:00,4688.545,0.6707402753265038,-1,1,-0.004273338589120159,0.8756822353537537
2026-03-20 06:00:00,4669.21,0.6712707455387324,1,1,0.007791195781398059,0.8825048470916871
2026-03-20 07:00:00,4706.29,0.568354388297873,-1,1,-0.0027587238330611004,0.8800702599372233
2026-03-20 08:00:00,4693.905000000001,0.5927420384158183,-1,1,-0.005699463887406451,0.8750543312723307
2026-03-20 09:00:00,4667.775,0.6550748312822566,-1,1,-0.004919918983087623,0.8707491348566709
2026-03-20 10:00:00,4645.495,0.7078636240739766,-1,1,0.005502564608491881,0.8755404882290082
2026-03-20 11:00:00,4671.795,0.7151353627346928,-1,1,0.001225410069847771,0.8766133843598434
2026-03-20 12:00:00,4678.264999999999,0.7034880805226942,-1,1,-0.013351849046713285,0.8649089747795423
2026-03-20 13:00:00,4616.535,0.8299888697906448,-1,0,-0.0,0.8649089747795423
2026-03-20 14:00:00,4564.18,0.8565524023921669,-1,1,-0.002522479920246896,0.8627272592578196
2026-03-20 15:00:00,4553.5535,0.8601175124404664,-1,0,0.0,0.8627272592578196
2026-03-20 16:00:00,4583.2815,0.8167011635865944,-1,0,-0.0,0.8627272592578196
2026-03-20 17:00:00,4573.57,0.8405748036182028,-1,0,-0.0,0.8627272592578196
2026-03-20 18:00:00,4500.02,0.8541469500129145,-1,1,0.00015130000533038353,0.8628577898967439
2026-03-20 19:00:00,4501.585,0.8709130294125609,-1,0,-0.0,0.8628577898967439
2026-03-20 20:00:00,4491.8035,1.2512090209021107,-1,0,0.0,0.8628577898967439
2026-03-22 22:00:00,4498.155000000001,1.135769762124831,-1,0,-0.0,0.8628577898967439
2026-03-22 23:00:00,4464.79,0.8791917053512289,-1,-1,0.024510852312124236,0.8840071697512689
2026-03-23 00:00:00,4354.445,1.1885637835325054,1,1,0.007318139560028627,0.8904764575915746
2026-03-23 01:00:00,4387.530000000001,1.2242014485549984,-1,-1,0.005854273030941168,0.8956895499019409
2026-03-23 02:00:00,4360.59,0.8827536363912423,-1,1,-0.0019522022562065153,0.8939409827417618
2026-03-23 03:00:00,4352.99,0.7118473616259249,-1,1,0.0032203502967785885,0.8968197858508369
2026-03-23 04:00:00,4367.75,0.7108051330798487,-1,0,-0.0,0.8968197858508369
2026-03-23 05:00:00,4310.24,0.7174748102665869,-1,0,-0.0,0.8968197858508369
2026-03-23 06:00:00,4220.7335,1.0585844185992555,-1,1,-0.004112338392982947,0.8931317594138957
2026-03-23 07:00:00,4204.465,1.5518696706663404,1,1,0.010759901754285999,0.9027417693988219
2026-03-23 08:00:00,4251.2865,0.9930799591945825,1,0,0.0,0.9027417693988219
2026-03-23 09:00:00,4253.62,0.861517047722222,1,0,0.0,0.9027417693988219
2026-03-23 10:00:00,4269.195,0.692330261295781,1,0,0.0,0.9027417693988219
2026-03-23 11:00:00,4379.325,1.9280212062256934,0,0,0.0,0.9027417693988219
2026-03-23 12:00:00,4478.58,1.1881702164315746,-1,0,-0.0,0.9027417693988219
2026-03-23 13:00:00,4454.425,1.1917939217146685,-1,0,0.0,0.9027417693988219
2026-03-23 14:00:00,4462.0650000000005,0.7795882893930142,-1,0,-0.0,0.9027417693988219
2026-03-23 15:00:00,4363.995000000001,0.7857951933124382,0,0,0.0,0.9027417693988219
2026-03-23 16:00:00,4375.674999999999,0.7995576433479766,0,0,0.0,0.9027417693988219
2026-03-23 17:00:00,4426.25,0.6304334491571693,-1,0,0.0,0.9027417693988219
2026-03-23 18:00:00,4449.08,0.582206463769041,-1,0,-0.0,0.9027417693988219
2026-03-23 19:00:00,4398.53,0.5981851368139367,0,0,0.0,0.9027417693988219
2026-03-23 20:00:00,4407.02,0.6873542189404283,-1,0,0.0,0.9027417693988219
2026-03-23 22:00:00,4426.92,1.1454655966156573,-1,0,0.0,0.9027417693988219
2026-03-23 23:00:00,4441.24,0.9218608449183517,-1,0,-0.0,0.9027417693988219
2026-03-24 00:00:00,4364.635,0.913905746105495,0,1,-0.009949034855401408,0.8937603600696462
2026-03-24 01:00:00,4322.155000000001,0.9374297384768022,0,1,0.009963217483297891,0.9026650889149708
2026-03-24 02:00:00,4366.185,0.9252641564252315,0,0,-0.0,0.9026650889149708
2026-03-24 03:00:00,4347.38,0.8420859238717225,0,0,-0.0,0.9026650889149708
2026-03-24 04:00:00,4333.48,0.7294880813058233,1,0,0.0,0.9026650889149708
2026-03-24 05:00:00,4347.4,0.864387307973669,1,0,0.0,0.9026650889149708
2026-03-24 06:00:00,4402.389999999999,0.952264082090948,0,0,0.0,0.9026650889149708
2026-03-24 07:00:00,4417.395,0.9574136040944407,-1,0,-0.0,0.9026650889149708
2026-03-24 08:00:00,4412.075,0.9847019606663957,-1,0,0.0,0.9026650889149708
2026-03-24 09:00:00,4426.4400000000005,0.8194566856235924,-1,0,0.0,0.9026650889149708
2026-03-24 10:00:00,4438.9400000000005,0.908889505259708,-1,0,-0.0,0.9026650889149708
2026-03-24 11:00:00,4408.0135,1.1582365860439403,-1,0,-0.0,0.9026650889149708
2026-03-24 12:00:00,4379.478499999999,1.1465880421158356,1,0,0.0,0.9026650889149708
2026-03-24 13:00:00,4381.7335,1.0105333280072513,1,0,0.0,0.9026650889149708
2026-03-24 14:00:00,4416.225,1.134574616372207,1,0,-0.0,0.9026650889149708
2026-03-24 15:00:00,4411.68,1.0749199052237821,1,0,0.0,0.9026650889149708
2026-03-24 16:00:00,4421.416499999999,0.9994444291230141,-1,0,-0.0,0.9026650889149708
2026-03-24 17:00:00,4388.735000000001,0.8513171806167454,1,0,0.0,0.9026650889149708
2026-03-24 18:00:00,4389.68,0.7774820248384064,1,0,0.0,0.9026650889149708
2026-03-24 19:00:00,4400.48,0.7832634488406623,1,0,0.0,0.9026650889149708
2026-03-24 20:00:00,4473.455,0.8476891250472556,1,0,0.0,0.9026650889149708
2026-03-24 22:00:00,4484.700000000001,1.2728171817705678,1,0,0.0,0.9026650889149708
2026-03-24 23:00:00,4546.9785,1.2364904701397879,0,0,0.0,0.9026650889149708
2026-03-25 00:00:00,4563.2515,1.1965001594331397,0,0,0.0,0.9026650889149708
2026-03-25 01:00:00,4595.1385,1.0987792372739897,-1,0,-0.0,0.9026650889149708
2026-03-25 02:00:00,4583.82,0.9765475429248109,-1,0,-0.0,0.9026650889149708
2026-03-25 03:00:00,4570.1615,0.9442608934707947,-1,0,0.0,0.9026650889149708
2026-03-25 04:00:00,4572.7215,0.9451865088228809,-1,0,-0.0,0.9026650889149708
2026-03-25 05:00:00,4555.71,0.9455102092580884,0,0,-0.0,0.9026650889149708
2026-03-25 06:00:00,4545.8035,0.9430448275862154,0,0,-0.0,0.9026650889149708
2026-03-25 07:00:00,4539.5599999999995,0.9324213757674581,-1,0,0.0,0.9026650889149708
2026-03-25 08:00:00,4556.34,0.6701398898324613,-1,0,-0.0,0.9026650889149708
2026-03-25 09:00:00,4552.0599999999995,0.6533407330251909,-1,0,0.0,0.9026650889149708
2026-03-25 10:00:00,4558.895,0.623885230717416,-1,0,0.0,0.9026650889149708
2026-03-25 11:00:00,4579.01,0.6590241229738969,-1,0,-0.0,0.9026650889149708
2026-03-25 12:00:00,4544.025,0.6819391736967371,-1,0,0.0,0.9026650889149708
2026-03-25 13:00:00,4544.87,0.649544420677363,-1,0,0.0,0.9026650889149708
2026-03-25 14:00:00,4567.235000000001,0.64885096908421,-1,0,-0.0,0.9026650889149708
2026-03-25 15:00:00,4559.035,0.6322207910229566,-1,-1,0.0006608370431410067,0.9032616034432759
2026-03-25 16:00:00,4555.360000000001,0.6816393874907525,-1,-1,0.0008689457282210831,0.9040464887550541
2026-03-25 17:00:00,4550.6900000000005,0.6503366664794119,-1,1,-0.0028809557817561396,0.9014419707962988
2026-03-25 18:00:00,4538.26,0.637357146734711,-1,0,-0.0,0.9014419707962988
2026-03-25 19:00:00,4531.13,0.6401464719753304,-1,0,-0.0,0.9014419707962988
2026-03-25 20:00:00,4505.66,0.6884705039835304,-1,1,0.0025282709960399792,0.9037210603856762
2026-03-25 22:00:00,4517.77,1.0586388787768428,-1,1,-0.004535122168409891,0.8996225749706622
2026-03-25 23:00:00,4498.37,1.0509265927977955,-1,1,0.00806716063978783,0.9068799747981301
2026-03-26 00:00:00,4535.74,0.9665880989707654,-1,0,-0.0,0.9068799747981301
2026-03-26 01:00:00,4535.49,0.8820488681279351,-1,0,-0.0,0.9068799747981301
2026-03-26 02:00:00,4508.860000000001,0.9098116742397794,-1,0,0.0,0.9068799747981301
2026-03-26 03:00:00,4516.82,0.81048980897542,-1,0,0.0,0.9068799747981301
2026-03-26 04:00:00,4520.58,0.7662608281770595,-1,0,-0.0,0.9068799747981301
2026-03-26 05:00:00,4439.1,0.7281152999940589,-1,0,0.0,0.9068799747981301
2026-03-26 06:00:00,4456.530000000001,0.7681782486486515,-1,0,-0.0,0.9068799747981301
2026-03-26 07:00:00,4452.959999999999,0.6509044017725221,-1,0,-0.0,0.9068799747981301
2026-03-26 08:00:00,4427.95,0.9624788792935028,-1,0,-0.0,0.9068799747981301
2026-03-26 09:00:00,4423.943499999999,0.9106619484137712,1,0,0.0,0.9068799747981301
2026-03-26 10:00:00,4443.24,0.96713693153424,-1,0,-0.0,0.9068799747981301
2026-03-26 11:00:00,4423.29,0.9538707559473004,1,0,0.0,0.9068799747981301
2026-03-26 12:00:00,4429.683499999999,0.9293180767452681,-1,0,0.0,0.9068799747981301
2026-03-26 13:00:00,4452.7165,0.954661949832887,-1,0,0.0,0.9068799747981301
2026-03-26 14:00:00,4465.228499999999,0.9532720681224239,-1,0,-0.0,0.9068799747981301
2026-03-26 15:00:00,4438.4400000000005,0.9410121598844261,-1,0,-0.0,0.9068799747981301
2026-03-26 16:00:00,4389.360000000001,0.9430463588767307,1,0,-0.0,0.9068799747981301
2026-03-26 17:00:00,4381.6,0.7921967360997214,1,0,0.0,0.9068799747981301
2026-03-26 18:00:00,4394.65,0.7951887232985657,-1,0,-0.0,0.9068799747981301
2026-03-26 19:00:00,4364.16,0.7852955069702283,1,0,0.0,0.9068799747981301
2026-03-26 20:00:00,4380.655000000001,1.141861499179292,1,0,0.0,0.9068799747981301
2026-03-26 22:00:00,4411.3,1.4665229895755845,1,0,-0.0,0.9068799747981301
2026-03-26 23:00:00,4405.02,1.0511356996786592,1,0,-0.0,0.9068799747981301
2026-03-27 00:00:00,4378.780000000001,0.7308846004654763,1,0,0.0,0.9068799747981301
2026-03-27 01:00:00,4417.4,0.7270099462167589,0,0,0.0,0.9068799747981301
2026-03-27 02:00:00,4432.049999999999,0.7251906805114561,1,-1,-0.0014271478617147349,0.905585722981265
2026-03-27 03:00:00,4437.620000000001,0.7361243197097408,1,-1,-0.0021511811105295645,0.9036376440800225
2026-03-27 04:00:00,4446.4,0.7333444553483845,-1,0,0.0,0.9036376440800225
2026-03-27 05:00:00,4454.67,0.7215335762623615,-1,-1,-0.0013068383463335973,0.9024567357555481
2026-03-27 06:00:00,4459.74,0.7233878695208981,-1,1,-0.0028394901652385503,0.8998942187298169
2026-03-27 07:00:00,4447.83,0.6906757518797039,-1,1,-0.005467986805224107,0.8949736090157048
2026-03-27 08:00:00,4424.23,0.8028276376777488,1,1,0.000898613399918904,0.8957778442933401
2026-03-27 09:00:00,4429.038500000001,0.8582054541423444,1,1,-0.0034025907551137836,0.8927298788817118
2026-03-27 10:00:00,4414.8565,0.8511788785184153,1,-1,-0.0013963486420267538,0.8914833167276387
2026-03-27 11:00:00,4420.139999999999,0.8317265945798006,1,1,0.003856953265150138,0.8949217262169183
2026-03-27 12:00:00,4438.05,0.8774960585585636,1,0,-0.0,0.8949217262169183
2026-03-27 13:00:00,4431.41,0.9350425496131839,1,1,0.017515860064942577,0.9105970499424108
2026-03-27 14:00:00,4509.995,0.9204761255488073,1,0,0.0,0.9105970499424108
2026-03-27 15:00:00,4524.1185000000005,0.9316817791973657,-1,0,-0.0,0.9105970499424108
2026-03-27 16:00:00,4516.200000000001,0.8086644177911075,-1,0,-0.0,0.9105970499424108
2026-03-27 17:00:00,4486.7485,0.7882409279609303,-1,0,0.0,0.9105970499424108
2026-03-27 18:00:00,4516.806500000001,0.7695821485425781,-1,0,-0.0,0.9105970499424108
2026-03-27 19:00:00,4514.51,0.7811709747554131,-1,0,-0.0,0.9105970499424108
2026-03-27 20:00:00,4494.105,0.8141103010348137,-1,-1,0.0019605438010382205,0.912382315343919
2026-03-29 22:00:00,4484.45,1.7010803456152641,-1,0,-0.0,0.912382315343919
2026-03-29 23:00:00,4448.99,1.0057508011419976,1,0,-0.0,0.912382315343919
2026-03-30 00:00:00,4432.27,0.9321338942960214,1,0,0.0,0.912382315343919
2026-03-30 01:00:00,4469.66,0.9585635273368652,1,0,0.0,0.912382315343919
2026-03-30 02:00:00,4481.4884999999995,0.9428391831525321,1,0,0.0,0.912382315343919
2026-03-30 03:00:00,4496.12,0.9135628591273642,1,0,0.0,0.912382315343919
2026-03-30 04:00:00,4496.78,0.8861311593457529,1,0,0.0,0.912382315343919
2026-03-30 05:00:00,4522.665,0.8317477096546858,1,0,0.0,0.912382315343919
2026-03-30 06:00:00,4532.790000000001,0.7144139077000313,0,0,-0.0,0.912382315343919
2026-03-30 07:00:00,4527.360000000001,0.7844705162523926,0,0,0.0,0.912382315343919
2026-03-30 08:00:00,4538.33,0.7651278219395907,-1,0,-0.0,0.912382315343919
2026-03-30 09:00:00,4532.4,0.7922714849124096,-1,0,0.0,0.912382315343919
2026-03-30 10:00:00,4532.52,0.7958025026561213,1,0,0.0,0.912382315343919
2026-03-30 11:00:00,4559.775,0.7928030961906434,-1,0,0.0,0.912382315343919
2026-03-30 12:00:00,4569.485000000001,0.748007799187313,-1,0,-0.0,0.912382315343919
2026-03-30 13:00:00,4523.525,0.6432073260641841,-1,0,0.0,0.912382315343919
2026-03-30 14:00:00,4538.705,0.6488910981202136,-1,0,0.0,0.912382315343919
2026-03-30 15:00:00,4548.455,0.6285862762117959,-1,0,-0.0,0.912382315343919
2026-03-30 16:00:00,4540.1085,0.6225615324646396,-1,0,-0.0,0.912382315343919
2026-03-30 17:00:00,4515.11,0.6253168901340855,-1,-1,0.003388551576786581,0.9154739698772099
2026-03-30 18:00:00,4499.155000000001,0.6143961852161045,1,1,0.003027369320413143,0.918245447687253
2026-03-30 19:00:00,4513.42,0.6198557457212721,-1,0,-0.0,0.918245447687253
2026-03-30 20:00:00,4511.3,0.6497043535838455,-1,1,-0.0002360083243376037,0.9180287341178137
2026-03-30 22:00:00,4510.915,0.943167862897329,-1,1,0.000428257268669879,0.9184218865960474
2026-03-30 23:00:00,4513.82,1.1522415048543855,-1,-1,-0.00781649279431947,0.9112430485373241
2026-03-31 00:00:00,4547.92,0.936381371372706,1,0,0.0,0.9112430485373241
2026-03-31 01:00:00,4605.26,0.8380768704899411,-1,0,-0.0,0.9112430485373241
2026-03-31 02:00:00,4568.28,0.8936245050593953,-1,0,-0.0,0.9112430485373241
2026-03-31 03:00:00,4557.39,0.8941109547440921,1,0,0.0,0.9112430485373241
2026-03-31 04:00:00,4565.0485,0.8826492202520816,-1,0,0.0,0.9112430485373241
2026-03-31 05:00:00,4568.92,0.8854919001599113,-1,0,-0.0,0.9112430485373241
2026-03-31 06:00:00,4557.3099999999995,0.8782915001491276,1,0,0.0,0.9112430485373241
2026-03-31 07:00:00,4564.66,0.8734000657678456,-1,0,0.0,0.9112430485373241
2026-03-31 08:00:00,4568.5515,0.7976197855464215,-1,0,-0.0,0.9112430485373241
2026-03-31 09:00:00,4555.67,0.7654415830059687,1,0,-0.0,0.9112430485373241
2026-03-31 10:00:00,4547.129999999999,0.782183305332039,1,0,0.0,0.9112430485373241
2026-03-31 11:00:00,4582.478499999999,0.7704783009731161,1,0,-0.0,0.9112430485373241
2026-03-31 12:00:00,4575.0235,0.7666710973268392,1,0,0.0,0.9112430485373241
2026-03-31 13:00:00,4607.305,0.7752736025108212,1,0,-0.0,0.9112430485373241
2026-03-31 14:00:00,4599.23,0.7789742381911559,1,0,0.0,0.9112430485373241
2026-03-31 15:00:00,4609.5599999999995,0.7767539898630254,1,0,0.0,0.9112430485373241
2026-03-31 16:00:00,4638.4400000000005,0.7842524581027861,1,0,0.0,0.9112430485373241
2026-03-31 17:00:00,4654.6,0.782102175760038,1,-1,-0.002963112227852034,0.908542933117658
2026-03-31 18:00:00,4667.58,0.7801955517622287,1,0,0.0,0.908542933117658
2026-03-31 19:00:00,4682.84,0.7693175869024784,1,0,-0.0,0.908542933117658
2026-03-31 20:00:00,4669.29,0.7877445309603269,1,-1,-0.002675512664872098,0.9061121149935216
2026-03-31 22:00:00,4680.965,0.9556547401824698,1,0,0.0,0.9061121149935216
2026-03-31 23:00:00,4696.5599999999995,1.143798405253294,1,0,0.0,0.9061121149935216
2026-04-01 00:00:00,4710.97,0.9568262960983486,-1,0,-0.0,0.9061121149935216
2026-04-01 01:00:00,4692.98,0.9227572087922157,1,0,-0.0,0.9061121149935216
2026-04-01 02:00:00,4684.8085,0.8798879585609919,1,0,-0.0,0.9061121149935216
2026-04-01 03:00:00,4681.9815,0.8803063538392568,1,0,-0.0,0.9061121149935216
2026-04-01 04:00:00,4676.61,0.8882399486191423,1,0,0.0,0.9061121149935216
2026-04-01 05:00:00,4684.5535,0.878397704194257,1,0,0.0,0.9061121149935216
2026-04-01 06:00:00,4730.57,0.8735276844251056,1,0,-0.0,0.9061121149935216
2026-04-01 07:00:00,4713.13,0.8179319253976997,1,0,0.0,0.9061121149935216
2026-04-01 08:00:00,4728.709999999999,0.8092403254478374,1,0,-0.0,0.9061121149935216
2026-04-01 09:00:00,4723.33,0.7858596924245329,1,0,0.0,0.9061121149935216
2026-04-01 10:00:00,4731.379999999999,0.7848369861520015,1,0,0.0,0.9061121149935216
2026-04-01 11:00:00,4752.530000000001,0.7639384070199097,-1,0,-0.0,0.9061121149935216
2026-04-01 12:00:00,4724.99,0.7604110147883748,1,-1,-0.003002209743256258,0.9033917763734055
2026-04-01 13:00:00,4738.385,0.7109210462089223,1,0,0.0,0.9033917763734055
2026-04-01 14:00:00,4760.85,0.7148364432243952,-1,0,0.0,0.9033917763734055
2026-04-01 15:00:00,4786.6715,0.7079239937568078,-1,0,0.0,0.9033917763734055
2026-04-01 16:00:00,4787.35,0.7368606476938161,-1,0,-0.0,0.9033917763734055
2026-04-01 17:00:00,4774.4015,0.7350598792625255,-1,0,-0.0,0.9033917763734055
2026-04-01 18:00:00,4753.33,0.7680518117988883,1,1,0.0025249558074444656,0.9056728006855571
2026-04-01 19:00:00,4766.129999999999,0.7733930315858051,-1,0,-0.0,0.9056728006855571
2026-04-01 20:00:00,4758.879999999999,0.7767312134393307,-1,1,0.0035666519825170865,0.908903020375634
2026-04-01 22:00:00,4776.66,2.562355147136941,-1,0,0.0,0.908903020375634
2026-04-01 23:00:00,4784.23,1.0677846363843226,-1,1,-9.913499902463793e-05,0.9088129162755956
2026-04-02 00:00:00,4784.8535,0.9752655611631836,-1,0,-0.0,0.9088129162755956
2026-04-02 01:00:00,4696.685,1.1839316870415661,-1,0,-0.0,0.9088129162755956
2026-04-02 02:00:00,4687.2585,1.3689344522638354,-1,0,-0.0,0.9088129162755956
2026-04-02 03:00:00,4676.548500000001,0.7909942755625781,-1,0,-0.0,0.9088129162755956
2026-04-02 04:00:00,4672.799999999999,0.7101414924808473,-1,0,-0.0,0.9088129162755956
2026-04-02 05:00:00,4594.32,0.7783453861729852,-1,0,0.0,0.9088129162755956
2026-04-02 06:00:00,4599.395,0.7627460613673054,1,0,0.0,0.9088129162755956
2026-04-02 07:00:00,4642.79,0.6344951403231701,-1,0,-0.0,0.9088129162755956
2026-04-02 08:00:00,4620.96,0.637619802223449,1,0,0.0,0.9088129162755956
2026-04-02 09:00:00,4621.805,0.6243758202099763,1,0,-0.0,0.9088129162755956
2026-04-02 10:00:00,4620.665,0.7176824774598226,1,0,-0.0,0.9088129162755956
2026-04-02 11:00:00,4600.2285,0.7884701013730311,1,0,0.0,0.9088129162755956
2026-04-02 12:00:00,4601.9665,0.775397519196696,1,0,0.0,0.9088129162755956
2026-04-02 13:00:00,4645.99,0.7835619825072875,0,0,0.0,0.9088129162755956
2026-04-02 14:00:00,4681.4815,0.8567903414287177,-1,0,-0.0,0.9088129162755956
2026-04-02 15:00:00,4661.193499999999,0.9323887283627236,-1,0,-0.0,0.9088129162755956
2026-04-02 16:00:00,4659.18,0.9320027995703101,-1,0,-0.0,0.9088129162755956
2026-04-02 17:00:00,4648.8634999999995,0.9079140802563606,-1,0,0.0,0.9088129162755956
2026-04-02 18:00:00,4668.5515,0.897397683203233,-1,0,0.0,0.9088129162755956
2026-04-02 19:00:00,4672.1900000000005,0.9411770883262919,-1,0,0.0,0.9088129162755956
2026-04-02 20:00:00,4676.305,0.9414380905022567,-1,0,-0.0,0.9088129162755956
2026-04-05 22:00:00,4645.9400000000005,1.7324579069767476,-1,-1,0.007224811791160158,0.9153789185490622
2026-04-05 23:00:00,4610.611500000001,1.4399755635537135,1,0,0.0,0.9153789185490622
2026-04-06 00:00:00,4622.6335,1.0107454039289854,1,0,0.0,0.9153789185490622
2026-04-06 01:00:00,4626.094999999999,1.1263517786561374,1,0,0.0,0.9153789185490622
2026-04-06 02:00:00,4648.14,0.9241219415682922,1,0,-0.0,0.9153789185490622
2026-04-06 03:00:00,4640.675,0.9060415073220744,1,0,0.0,0.9153789185490622
2026-04-06 04:00:00,4659.18,0.8092835920547459,0,0,-0.0,0.9153789185490622
2026-04-06 05:00:00,4652.5515,0.772756364087919,1,0,0.0,0.9153789185490622
2026-04-06 06:00:00,4666.165,0.768896771904937,0,0,0.0,0.9153789185490622
2026-04-06 07:00:00,4684.879999999999,0.7885642930327832,-1,0,0.0,0.9153789185490622
2026-04-06 08:00:00,4695.950000000001,0.7882516033088562,-1,0,-0.0,0.9153789185490622
2026-04-06 09:00:00,4693.74,0.7738235402979593,-1,0,-0.0,0.9153789185490622
2026-04-06 10:00:00,4689.82,0.7908416569055498,-1,0,-0.0,0.9153789185490622
2026-04-06 11:00:00,4678.049999999999,0.7878581997533917,-1,0,-0.0,0.9153789185490622
2026-04-06 12:00:00,4676.01,0.8852298194165877,-1,0,0.0,0.9153789185490622
2026-04-06 13:00:00,4680.0064999999995,0.9481998913633916,-1,0,0.0,0.9153789185490622
2026-04-06 14:00:00,4682.7965,1.0962460321880165,-1,0,-0.0,0.9153789185490622
2026-04-06 15:00:00,4668.166499999999,0.9515121836926037,-1,0,-0.0,0.9153789185490622
2026-04-06 16:00:00,4660.693499999999,0.9532624226701372,-1,0,-0.0,0.9153789185490622
2026-04-06 17:00:00,4653.9,0.9169003891817392,-1,0,0.0,0.9153789185490622
2026-04-06 18:00:00,4658.4985,0.891110635107644,-1,0,-0.0,0.9153789185490622
2026-04-06 19:00:00,4655.5115000000005,0.9061212663791107,-1,0,-0.0,0.9153789185490622
2026-04-06 20:00:00,4649.375,0.9478265153137831,-1,1,0.0017652208059547392,0.9169947644614173
2026-04-06 22:00:00,4658.5599999999995,1.1268742720621137,-1,0,0.0,0.9169947644614173
2026-04-06 23:00:00,4658.950000000001,1.0161569597481441,-1,0,-0.0,0.9169947644614173
2026-04-07 00:00:00,4655.17,0.767952505068067,-1,0,-0.0,0.9169947644614173
2026-04-07 01:00:00,4627.155,0.9008262587877682,1,0,0.0,0.9169947644614173
2026-04-07 02:00:00,4650.6235,0.9596790922765,-1,0,-0.0,0.9169947644614173
2026-04-07 03:00:00,4649.7065,0.956873501872668,-1,0,0.0,0.9169947644614173
2026-04-07 04:00:00,4659.6165,0.9312831331485613,-1,0,-0.0,0.9169947644614173
2026-04-07 05:00:00,4643.12,0.949785910464159,1,0,0.0,0.9169947644614173
2026-04-07 06:00:00,4653.4400000000005,0.9353891518019676,1,0,-0.0,0.9169947644614173
2026-04-07 07:00:00,4646.2435000000005,0.8980538557213957,1,0,0.0,0.9169947644614173
2026-04-07 08:00:00,4683.05,0.9367331991783128,-1,0,-0.0,0.9169947644614173
2026-04-07 09:00:00,4670.8165,0.9423149899844254,-1,0,-0.0,0.9169947644614173
2026-04-07 10:00:00,4652.26,0.9299934352518054,-1,0,0.0,0.9169947644614173
2026-04-07 11:00:00,4659.76,0.9464329056770037,-1,0,-0.0,0.9169947644614173
2026-04-07 12:00:00,4651.6265,0.9320801600237129,-1,0,-0.0,0.9169947644614173
2026-04-07 13:00:00,4644.15,0.9441076727157002,-1,0,-0.0,0.9169947644614173
2026-04-07 14:00:00,4633.3985,0.9272137013492214,1,0,0.0,0.9169947644614173
2026-04-07 15:00:00,4655.5615,0.9343912929020415,1,0,0.0,0.9169947644614173
2026-04-07 16:00:00,4657.2015,0.9532272136698311,1,0,0.0,0.9169947644614173
2026-04-07 17:00:00,4675.9085,0.8676744139046145,1,0,-0.0,0.9169947644614173
2026-04-07 18:00:00,4662.2265,0.8543860609647933,1,0,0.0,0.9169947644614173
2026-04-07 19:00:00,4700.91,0.9208517924848223,1,0,0.0,0.9169947644614173
2026-04-07 20:00:00,4705.6900000000005,0.9717844821932257,1,0,0.0,0.9169947644614173
2026-04-07 22:00:00,4818.46,1.1693073961953904,-1,0,0.0,0.9169947644614173
2026-04-07 23:00:00,4833.6715,1.2154306495918359,-1,0,-0.0,0.9169947644614173
2026-04-08 00:00:00,4817.73,0.7916634774288945,-1,0,-0.0,0.9169947644614173
2026-04-08 01:00:00,4810.299999999999,0.7814175422974202,-1,0,-0.0,0.9169947644614173
2026-04-08 02:00:00,4804.09,0.7762148358633124,-1,0,-0.0,0.9169947644614173
2026-04-08 03:00:00,4797.610000000001,0.7815369820971841,-1,0,0.0,0.9169947644614173
2026-04-08 04:00:00,4803.700000000001,0.7153080789505948,-1,0,0.0,0.9169947644614173
2026-04-08 05:00:00,4827.629999999999,0.7143026246915469,-1,0,-0.0,0.9169947644614173
2026-04-08 06:00:00,4820.01,0.6269356919108156,-1,0,-0.0,0.9169947644614173
2026-04-08 07:00:00,4813.445,0.6789738485826167,-1,0,-0.0,0.9169947644614173
2026-04-08 08:00:00,4793.98,0.7714455401825204,-1,0,-0.0,0.9169947644614173
2026-04-08 09:00:00,4783.2765,0.8142543087228213,-1,0,-0.0,0.9169947644614173
2026-04-08 10:00:00,4782.711499999999,0.9268738298401125,-1,0,0.0,0.9169947644614173
2026-04-08 11:00:00,4798.5315,0.8159731114855483,-1,0,0.0,0.9169947644614173
2026-04-08 12:00:00,4799.719999999999,0.7828257951725738,-1,0,-0.0,0.9169947644614173
2026-04-08 13:00:00,4777.753500000001,0.9023424015978567,-1,0,-0.0,0.9169947644614173
2026-04-08 14:00:00,4736.34,0.9413756077232994,-1,-1,-0.004482654456336158,0.9128841937940674
2026-04-08 15:00:00,4756.6,0.773665082580247,-1,0,0.0,0.9128841937940674
2026-04-08 16:00:00,4760.4815,0.7588402291208554,-1,0,-0.0,0.9128841937940674
2026-04-08 17:00:00,4734.3435,0.7633458954612542,-1,1,-0.006287745258759015,0.9071442105327427
2026-04-08 18:00:00,4705.3685,0.7570904309955301,0,1,0.005250260329027533,0.9119069537940097
2026-04-08 19:00:00,4730.860000000001,0.7759870551944499,-1,0,-0.0,0.9119069537940097
2026-04-08 20:00:00,4718.725,0.7864522261943483,0,0,-0.0,0.9119069537940097
2026-04-08 22:00:00,4717.8135,1.0654165559529973,0,0,-0.0,0.9119069537940097
2026-04-08 23:00:00,4715.67,1.001958189867199,0,0,-0.0,0.9119069537940097
2026-04-09 00:00:00,4706.91,0.8177303144433741,1,0,0.0,0.9119069537940097
2026-04-09 01:00:00,4727.549999999999,0.7785317765464251,1,0,-0.0,0.9119069537940097
2026-04-09 02:00:00,4719.219999999999,0.7807450376817788,1,0,-0.0,0.9119069537940097
2026-04-09 03:00:00,4711.5599999999995,0.7718889562493743,1,0,0.0,0.9119069537940097
2026-04-09 04:00:00,4720.9,0.7823637488947811,1,0,-0.0,0.9119069537940097
2026-04-09 05:00:00,4713.1,0.7808507757683543,1,1,-0.0002951031753555622,0.9116378471563162
2026-04-09 06:00:00,4712.52,0.760761182608692,1,-1,-0.002701476318956098,0.9091750791007593
2026-04-09 07:00:00,4724.459999999999,0.770000921113232,1,0,0.0,0.9091750791007593
2026-04-09 08:00:00,4726.424999999999,0.773256850346283,1,0,0.0,0.9091750791007593
2026-04-09 09:00:00,4729.2815,0.7510772946859865,1,1,0.0023521379950239454,0.9113135843484411
2026-04-09 10:00:00,4741.1865,0.7384842200180326,1,1,0.003112093519202942,0.9141496774482536
2026-04-09 11:00:00,4756.71,0.7350334783048533,-1,1,-0.002403979531715166,0.9119520803347441
2026-04-09 12:00:00,4746.04,0.7430994276022898,1,-1,-0.004020109275859953,0.9082859333174506
2026-04-09 13:00:00,4764.3465,0.7644451584751516,1,0,0.0,0.9082859333174506
2026-04-09 14:00:00,4768.8735,0.7536561019755886,1,0,0.0,0.9082859333174506
2026-04-09 15:00:00,4792.91,0.7607162183733792,-1,0,-0.0,0.9082859333174506
2026-04-09 16:00:00,4788.99,0.7743187529918614,-1,0,0.0,0.9082859333174506
2026-04-09 17:00:00,4797.92,0.7802824547013727,-1,1,-0.005533706784335987,0.9032597452861348
2026-04-09 18:00:00,4772.18,0.7784638852524363,-1,0,-0.0,0.9032597452861348
2026-04-09 19:00:00,4769.0585,0.7785910553410633,-1,-1,0.0006793602856116383,0.903873384084674
2026-04-09 20:00:00,4765.01,0.7930839647757479,-1,1,-0.00030285014402418696,0.9035996459001243
2026-04-09 22:00:00,4764.389999999999,0.9378015564202402,-1,1,-0.000329066586996164,0.903302301448637
2026-04-09 23:00:00,4763.790000000001,0.8589563223411353,-1,1,-0.00033144960679239887,0.9030029022560071
2026-04-10 00:00:00,4763.1,0.7095322125256701,-1,0,0.0,0.9030029022560071
2026-04-10 01:00:00,4764.6900000000005,0.7058638319976254,-1,0,-0.0,0.9030029022560071
2026-04-10 02:00:00,4753.280000000001,0.7049697613985462,-1,0,0.0,0.9030029022560071
2026-04-10 03:00:00,4766.709999999999,0.7019158075601399,-1,1,-0.0018528326261842106,0.9013297890171682
2026-04-10 04:00:00,4758.610000000001,0.6911746259479465,-1,1,0.0013635968011775576,0.9025588394342781
2026-04-10 05:00:00,4765.82,0.7080455062571116,-1,1,-0.004210827414014151,0.8987583199304274
2026-04-10 06:00:00,4746.49,0.61924032569462,1,1,0.0005300252764265188,0.8992346845573891
2026-04-10 07:00:00,4749.655,0.6158990504747602,-1,1,-0.001971911444194388,0.8974614733918939
2026-04-10 08:00:00,4740.9349999999995,0.6253198717948737,1,1,0.0021429697155109445,0.8993847061502105
2026-04-10 09:00:00,4751.75,0.7365163512857855,1,1,0.001004573819901133,0.9002882044800284
2026-04-10 10:00:00,4757.290000000001,0.7426065573770552,1,1,0.002164550288635483,0.9022369235728908
2026-04-10 11:00:00,4768.360000000001,0.7825162291478129,1,1,0.0005678018796505225,0.9027492153939854
2026-04-10 12:00:00,4771.879999999999,0.7716632901654068,-1,1,0.0004910720114159084,0.9031925302669932
2026-04-10 13:00:00,4775.025,0.7279734801340427,-1,1,-0.00021601425754491597,0.9029974278031475
2026-04-10 14:00:00,4774.7515,0.7782740551913926,-1,1,-0.0027809351031549303,0.9004862505581112
2026-04-10 15:00:00,4762.2815,0.7688777732407817,-1,1,0.00017630671911339688,0.9006450123345537
2026-04-10 16:00:00,4763.92,0.7532245252306088,-1,1,-0.0008763212911279383,0.8998557579344968
2026-04-10 17:00:00,4760.5285,0.7818404121440958,-1,1,0.0008296683000335256,0.9006023397314576
2026-04-10 18:00:00,4765.290000000001,0.7786746044690981,-1,1,-0.001284008865036602,0.8994459583433697
2026-04-10 19:00:00,4759.98,0.7636164351490632,-1,1,-0.0026541322516372753,0.8970587098167258
2026-04-10 20:00:00,4748.14,1.0239321317312216,-1,1,-0.018976679738114587,0.8800355139742475
2026-04-12 22:00:00,4659.09,1.8107121583960932,1,0,0.0,0.8800355139742475
2026-04-12 23:00:00,4671.549999999999,1.0003950703609914,1,0,0.0,0.8800355139742475
2026-04-13 00:00:00,4695.67,0.7858864133176452,1,0,0.0,0.8800355139742475
2026-04-13 01:00:00,4721.389999999999,0.7547744332961726,0,0,-0.0,0.8800355139742475
2026-04-13 02:00:00,4720.65,0.7109637053087743,0,0,-0.0,0.8800355139742475
2026-04-13 03:00:00,4718.049999999999,0.7086165510566204,0,0,0.0,0.8800355139742475
2026-04-13 04:00:00,4723.0915,0.7056238384560347,0,0,0.0,0.8800355139742475
2026-04-13 05:00:00,4729.5,0.7085372122911592,-1,0,-0.0,0.8800355139742475
2026-04-13 06:00:00,4725.764999999999,0.6147762916338867,0,0,0.0,0.8800355139742475
2026-04-13 07:00:00,4733.74,0.6130749739014868,-1,0,-0.0,0.8800355139742475
2026-04-13 08:00:00,4723.57,0.6292423030787665,0,0,-0.0,0.8800355139742475
2026-04-13 09:00:00,4714.85,0.6157934907173958,1,0,0.0,0.8800355139742475
2026-04-13 10:00:00,4722.205,0.6167564049869941,1,0,-0.0,0.8800355139742475
2026-04-13 11:00:00,4707.1849999999995,0.6152019143117584,1,0,0.0,0.8800355139742475
2026-04-13 12:00:00,4723.709999999999,0.7412332992252632,-1,-1,-0.0016528815907891068,0.8785809194739588
2026-04-13 13:00:00,4730.7465,0.7984616641428306,-1,0,-0.0,0.8785809194739588
2026-04-13 14:00:00,4719.17,0.7834655690471302,1,0,-0.0,0.8785809194739588
2026-04-13 15:00:00,4714.620000000001,0.7733651889726441,1,0,0.0,0.8785809194739588
2026-04-13 16:00:00,4733.18,0.7762075044999321,1,0,-0.0,0.8785809194739588
2026-04-13 17:00:00,4730.08,0.7703059655215218,1,-1,-0.0019788895675169637,0.8768423048581923
2026-04-13 18:00:00,4738.639999999999,0.7793625099566392,1,0,0.0,0.8768423048581923
2026-04-13 19:00:00,4741.2965,0.7578618513324104,1,0,0.0,0.8768423048581923
2026-04-13 20:00:00,4742.43,0.7644790911288366,1,0,0.0,0.8768423048581923
2026-04-13 22:00:00,4758.1849999999995,1.1385302824551977,1,0,-0.0,0.8768423048581923
2026-04-13 23:00:00,4757.719999999999,0.8978693282463652,1,1,0.002354516590248011,0.8789068446120123
2026-04-14 00:00:00,4769.85,0.7211156758803492,0,0,-0.0,0.8789068446120123
2026-04-14 01:00:00,4765.105,0.705060508083147,1,0,0.0,0.8789068446120123
2026-04-14 02:00:00,4775.23,0.7087103208104671,-1,1,-0.0016897008774049717,0.8774217549455142
2026-04-14 03:00:00,4767.9,0.705086018282634,1,1,0.00116296775975125,0.8784421681582203
2026-04-14 04:00:00,4774.18,0.6927554885923364,-1,1,-0.0031348326809196325,0.87568839894118
2026-04-14 05:00:00,4759.9365,0.6940841902313627,1,1,0.0045472068397905945,0.8796703352183706
2026-04-14 06:00:00,4782.305,0.6146854030081018,-1,0,-0.0,0.8796703352183706
2026-04-14 07:00:00,4777.325,0.6193958710369403,-1,1,0.001888212363396608,0.881331339621043
2026-04-14 08:00:00,4786.995000000001,0.618976185770755,-1,1,-0.001954039263832845,0.8796091835789771
2026-04-14 09:00:00,4778.29,0.6096479066575157,-1,-1,0.0019003350766367434,0.881280735764264
2026-04-14 10:00:00,4768.57,0.6530038007601539,1,1,0.0011971086089206406,0.8823357245199234
2026-04-14 11:00:00,4774.9615,0.7715650761421365,1,1,-0.0008655703456756851,0.8815720008818486
2026-04-14 12:00:00,4771.629999999999,0.7735238295318191,1,1,0.004663600524447408,0.8856833005274993
2026-04-14 13:00:00,4794.6865,0.8305296076980064,1,0,0.0,0.8856833005274993
2026-04-14 14:00:00,4804.030000000001,0.7671632644746015,1,-1,-0.0010318760008730776,0.884769385185311
2026-04-14 15:00:00,4808.1900000000005,0.7739048439294344,1,1,0.00026748010292243897,0.8850060433915231
2026-04-14 16:00:00,4810.280000000001,0.7824810362849122,1,-1,-0.005358519885803916,0.880263720908953
2026-04-14 17:00:00,4835.2435000000005,0.7382535780034574,1,1,-6.83013333254616e-05,0.8802035977231368
2026-04-14 18:00:00,4835.681500000001,0.7268467345150794,1,1,0.0017867498646227053,0.8817763013822091
2026-04-14 19:00:00,4845.0785,0.7348222774271521,-1,1,-0.0006786932920542736,0.8811778457213686
2026-04-14 20:00:00,4842.555,0.7858560371517099,-1,1,-0.0017069204246833451,0.8796737452587283
2026-04-14 22:00:00,4835.105,0.9502597475455886,1,1,0.0002491652719964068,0.8798929294067339
2026-04-14 23:00:00,4837.290000000001,0.875723761665489,1,1,-0.0005221361054777657,0.8794335055393361
2026-04-15 00:00:00,4835.67,0.7515234526112191,1,1,0.002233087978995294,0.8813973579288817
2026-04-15 01:00:00,4847.25,0.7963363919383951,-1,0,-0.0,0.8813973579288817
2026-04-15 02:00:00,4824.09,0.7947352739255844,-1,0,0.0,0.8813973579288817
2026-04-15 03:00:00,4824.18,0.7523471965160611,-1,1,-2.121545972913047e-05,0.8813786586787292
2026-04-15 04:00:00,4824.860000000001,0.7532633326416227,-1,1,-0.001227654964629635,0.8802966297926836
2026-04-15 05:00:00,4819.719999999999,0.7420839929639496,-1,1,-0.001834563832123823,0.8786816694341255
2026-04-15 06:00:00,4811.65,0.6380074729428006,-1,1,-0.00022196283456663715,0.8784866347600961
2026-04-15 07:00:00,4811.25,0.6483577998699285,-1,1,0.001362773125514334,0.8796838127370707
2026-04-15 08:00:00,4818.485000000001,0.626905572441736,-1,1,-0.004312227924844132,0.8758904156347527
2026-04-15 09:00:00,4798.3634999999995,0.6318646507730988,1,1,0.00023125287386587044,0.8760929678105598
2026-04-15 10:00:00,4800.135,0.6213605177479532,1,1,0.002497562981510172,0.8782810651753249
2026-04-15 11:00:00,4812.775,0.633186432202689,-1,1,-0.00037362777861067346,0.8779529149719476
2026-04-15 12:00:00,4811.639999999999,0.6459877288850526,-1,1,0.0034466444437063135,0.8809789065081713
2026-04-15 13:00:00,4828.9,0.6370733386784886,-1,0,-0.0,0.8809789065081713
2026-04-15 14:00:00,4815.68,0.621586172676147,-1,0,-0.0,0.8809789065081713
2026-04-15 15:00:00,4801.745,0.6270739185680335,1,0,0.0,0.8809789065081713
2026-04-15 16:00:00,4804.055,0.6350299280798043,1,1,-0.002518711781626152,0.8787599745569852
2026-04-15 17:00:00,4792.62,0.6125283912877374,1,-1,-0.0016579717130271571,0.8773030153766292
2026-04-15 18:00:00,4799.9235,0.6046482462977395,1,1,-0.0009704630180663926,0.8764516252445681
2026-04-15 19:00:00,4795.9,0.6109818485989117,1,-1,0.0008265431204571483,0.8771760503058273
2026-04-15 20:00:00,4791.295,0.6266042514699268,1,-1,-0.003544261885663378,0.8740671086637116
2026-04-15 22:00:00,4807.62,0.8287932371645665,1,0,0.0,0.8740671086637116
2026-04-15 23:00:00,4823.5599999999995,0.8274064464141836,-1,-1,-0.002163838834059148,0.8721757683104113
2026-04-16 00:00:00,4833.139999999999,0.7172111754611755,-1,0,-0.0,0.8721757683104113
2026-04-16 01:00:00,4818.08,0.7316444299991942,-1,0,0.0,0.8721757683104113
2026-04-16 02:00:00,4819.879999999999,0.7096554855250476,-1,0,0.0,0.8721757683104113
2026-04-16 03:00:00,4824.1900000000005,0.7052756032960565,-1,1,0.001723237351079363,0.8736787341710702
2026-04-16 04:00:00,4833.2385,0.7302308298837119,-1,1,-0.0025942710730879623,0.8714121747038381
2026-04-16 05:00:00,4821.459999999999,0.6994941278398289,-1,1,0.0008141736885011488,0.8721216555683217
2026-04-16 06:00:00,4826.115,0.6362498732894085,-1,1,-0.001175117019235643,0.8710968105680194
2026-04-16 07:00:00,4821.110000000001,0.7060135003970726,-1,1,-0.0016706761514251607,0.8696414899010209
2026-04-16 08:00:00,4813.7915,0.7975825341202539,-1,1,-0.0003301103785071832,0.8693544122196241
2026-04-16 09:00:00,4813.030000000001,0.7831804446628178,-1,1,0.0007327649225824758,0.869991444638191
2026-04-16 10:00:00,4817.370000000001,0.7788982451864538,-1,1,0.0008759139851855768,0.8707534823115414
2026-04-16 11:00:00,4822.3985,0.7703139561185296,-1,1,-0.0014502770677535316,0.8694906485044783
2026-04-16 12:00:00,4816.205,0.7516299172284319,-1,1,-0.004599395149755512,0.865491517432989
2026-04-16 13:00:00,4794.835,0.6624158287980826,-1,0,-0.0,0.865491517432989
2026-04-16 14:00:00,4788.88,0.6227255110975742,-1,0,0.0,0.865491517432989
2026-04-16 15:00:00,4807.135,0.6186773970783561,-1,0,-0.0,0.865491517432989
2026-04-16 16:00:00,4792.16,0.6126918857575245,-1,0,-0.0,0.865491517432989
2026-04-16 17:00:00,4789.3150000000005,0.6200130894970944,-1,0,0.0,0.865491517432989
2026-04-16 18:00:00,4789.7,0.6171926860564578,-1,0,0.0,0.865491517432989
2026-04-16 19:00:00,4793.745,0.6076961967867764,-1,0,-0.0,0.865491517432989
2026-04-16 20:00:00,4789.9400000000005,0.6210671597633339,-1,1,0.0009747372284905776,0.8663351442359737
2026-04-16 22:00:00,4795.26,0.8809193765634052,-1,0,-0.0,0.8663351442359737
2026-04-16 23:00:00,4791.860000000001,1.005038982259581,-1,1,0.00043301787150283193,0.8667102828361388
2026-04-17 00:00:00,4794.969999999999,0.7094446186742704,-1,-1,0.0009719675788014352,0.8675526971312693
2026-04-17 01:00:00,4789.57,0.723925206124854,1,-1,0.000846855728985034,0.8682873891030314
2026-04-17 02:00:00,4784.76,0.7059252266799133,1,1,0.0016104412286759948,0.8696857149127822
2026-04-17 03:00:00,4793.2015,0.7159776015581576,1,1,0.0018969622700907686,0.8713354759008087
2026-04-17 04:00:00,4803.040000000001,0.6932064659977917,-1,1,-0.001943187328441658,0.8696423078452166
2026-04-17 05:00:00,4794.43,0.7190149253731302,-1,1,-0.0020980627364198465,0.8678177437251123
2026-04-17 06:00:00,4785.12,0.6132913705583731,1,1,-0.00024341946922086275,0.8676064999905543
2026-04-17 07:00:00,4784.5985,0.6061961734376969,1,1,0.0022782065886117887,0.8695830868351552
2026-04-17 08:00:00,4796.135,0.6052133688544428,-1,1,-0.001321942224072981,0.868433548235328
2026-04-17 09:00:00,4790.43,0.5997733504712914,1,1,-0.0007368385198136461,0.8677936529450898
2026-04-17 10:00:00,4787.530000000001,0.606448640046286,1,1,0.002311954465027559,0.8697999523557388
2026-04-17 11:00:00,4799.235000000001,0.6077226197695588,1,1,0.009720773702523226,0.8782550808590546
2026-04-17 12:00:00,4846.525,0.6281237616138777,1,1,0.0068692261441727805,0.8842880136217441
2026-04-17 13:00:00,4880.475,0.6639987812128413,-1,1,-0.0016533224289055997,0.882826000415211
2026-04-17 14:00:00,4873.1,0.6965184017569399,-1,1,-0.0012900450230359855,0.8816871151271686
2026-04-17 15:00:00,4867.540000000001,0.7702767741377837,-1,1,-0.00026713222164328695,0.8814515880893103
2026-04-17 16:00:00,4867.040000000001,0.7776532203644059,-1,1,-0.0010638197385609014,0.880513882491315
2026-04-17 17:00:00,4862.67,0.8616237880794765,-1,1,-0.001085848677389029,0.8795577776565892
2026-04-17 18:00:00,4858.2815,0.9104480225297101,-1,1,-0.0009757458522174876,0.8786995528032551
2026-04-17 19:00:00,4854.4815,0.7870064769835872,-1,1,-0.005003625305191438,0.8743028694851883
2026-04-17 20:00:00,4831.0085,1.1502414555996472,-1,1,-0.010935344339716853,0.8647420665501653
2026-04-19 22:00:00,4779.360000000001,1.394512847776016,-1,-1,0.004736091684289347,0.8688375642606087
2026-04-19 23:00:00,4755.299999999999,0.8682018901622345,1,0,0.0,0.8688375642606087
2026-04-20 00:00:00,4772.475,0.708626309745946,1,0,0.0,0.8688375642606087
2026-04-20 01:00:00,4807.879999999999,0.7113469028558471,0,0,-0.0,0.8688375642606087
2026-04-20 02:00:00,4797.26,0.7067950039304738,0,0,-0.0,0.8688375642606087
2026-04-20 03:00:00,4791.0,0.7076951720897471,0,0,-0.0,0.8688375642606087
2026-04-20 04:00:00,4789.07,0.6981192928252679,1,0,0.0,0.8688375642606087
2026-04-20 05:00:00,4791.0599999999995,0.7112932122784276,1,0,0.0,0.8688375642606087
2026-04-20 06:00:00,4795.5650000000005,0.6164272586872579,0,0,-0.0,0.8688375642606087
2026-04-20 07:00:00,4789.76,0.614635624079955,1,0,0.0,0.8688375642606087
2026-04-20 08:00:00,4796.385,0.628581373471307,0,0,-0.0,0.8688375642606087
2026-04-20 09:00:00,4791.655000000001,0.605745256576115,1,0,0.0,0.8688375642606087
2026-04-20 10:00:00,4795.995000000001,0.6064153005464433,1,0,0.0,0.8688375642606087
2026-04-20 11:00:00,4810.695,0.607427588737044,0,0,-0.0,0.8688375642606087
2026-04-20 12:00:00,4803.595,0.6248548855425756,0,0,0.0,0.8688375642606087
2026-04-20 13:00:00,4817.9400000000005,0.7149929521276601,-1,0,-0.0,0.8688375642606087
2026-04-20 14:00:00,4805.290000000001,0.7763054035429118,0,0,-0.0,0.8688375642606087
2026-04-20 15:00:00,4799.889999999999,0.7754956716001162,1,0,0.0,0.8688375642606087
2026-04-20 16:00:00,4805.620000000001,0.77457211615595,1,1,0.00010101254028477829,0.8689253277500694
2026-04-20 17:00:00,4806.91,0.7561390890746646,1,-1,-0.0016544181374466168,0.8674877619277529
2026-04-20 18:00:00,4814.076499999999,0.7247777141454832,-1,-1,-0.00024756102528631014,0.8672730057679867
2026-04-20 19:00:00,4814.5135,0.7338299566486871,-1,0,0.0,0.8672730057679867
2026-04-20 20:00:00,4821.33,0.7743244249726218,-1,0,0.0,0.8672730057679867
2026-04-20 22:00:00,4827.860000000001,0.8223310441159398,-1,1,-0.001423473556423819,0.8660384655780758
2026-04-20 23:00:00,4821.84,0.8681274293728913,-1,-1,-0.0006715543090132796,0.8654568737147456
2026-04-21 00:00:00,4824.18,0.709040004222084,-1,0,-0.0,0.8654568737147456
2026-04-21 01:00:00,4810.1314999999995,0.7117685667752524,-1,0,-0.0,0.8654568737147456
2026-04-21 02:00:00,4806.950000000001,0.7033245246535671,-1,0,-0.0,0.8654568737147456
2026-04-21 03:00:00,4797.299999999999,0.7022141517298918,-1,1,-0.0018577562695116319,0.86384906578161
2026-04-21 04:00:00,4789.120000000001,0.7007593069137054,-1,1,-0.0011632114682684502,0.8628442266414399
2026-04-21 05:00:00,4784.280000000001,0.7021424634885696,-1,1,-0.0012796371582536646,0.8617400991072449
2026-04-21 06:00:00,4778.889999999999,0.6999210901318244,1,1,0.001338507249563898,0.86289354447714
2026-04-21 07:00:00,4786.0165,0.8566914498141337,-1,1,-0.00014588153839710264,0.8627676642393987
2026-04-21 08:00:00,4786.205,0.7417013227736097,-1,1,-0.000682524322040896,0.8621788043242848
2026-04-21 09:00:00,4783.71,0.6075737535816577,-1,1,0.001179508424720107,0.8631957514876005
2026-04-21 10:00:00,4789.99,0.5997541008738334,-1,1,0.000854959175097859,0.8639337486152404
2026-04-21 11:00:00,4794.715,0.6104066725890855,-1,1,-0.003441373819421888,0.8609606296310409
2026-04-21 12:00:00,4778.855,0.6332845645121038,-1,1,-4.703732683086387e-05,0.8609201323445165
2026-04-21 13:00:00,4779.2935,0.6711957365116221,-1,-1,0.008233916637153227,0.8680088769454881
2026-04-21 14:00:00,4739.24,0.6279914076990002,-1,-1,-0.0006621296679846818,0.8674341425159884
2026-04-21 15:00:00,4741.72,0.6283051451481158,-1,0,-0.0,0.8674341425159884
2026-04-21 16:00:00,4711.174999999999,0.6159474378211277,-1,1,-0.00012469234061998697,0.8673259801224243
2026-04-21 17:00:00,4711.2335,0.698367850920389,-1,1,-0.0005299817661171639,0.8668663131676797
2026-04-21 18:00:00,4709.465,0.69577632068838,-1,1,-0.006544751117311196,0.8611928888960161
2026-04-21 19:00:00,4679.3685000000005,0.8122297396284255,1,-1,-0.009103521071193181,0.8533530012855894
2026-04-21 20:00:00,4721.125,0.8132918304936689,1,0,-0.0,0.8533530012855894
2026-04-21 22:00:00,4719.62,1.002817647058826,1,0,0.0,0.8533530012855894
2026-04-21 23:00:00,4738.15,0.8411636041059473,0,0,0.0,0.8533530012855894
2026-04-22 00:00:00,4739.950000000001,0.7081422904800655,0,0,0.0,0.8533530012855894
2026-04-22 01:00:00,4752.34,0.7079076041954221,0,0,0.0,0.8533530012855894
2026-04-22 02:00:00,4755.879999999999,0.7055794720122677,0,0,0.0,0.8533530012855894
2026-04-22 03:00:00,4758.32,0.7019208736126067,-1,0,-0.0,0.8533530012855894
2026-04-22 04:00:00,4754.709999999999,0.697194471077021,-1,0,0.0,0.8533530012855894
2026-04-22 05:00:00,4767.700000000001,0.6983780154190555,-1,1,-0.00011606812832593809,0.8532539541999289
2026-04-22 06:00:00,4767.875,0.603513839526116,-1,1,-0.0016691951528777025,0.8518297068354047
2026-04-22 07:00:00,4760.549999999999,0.607605548578601,-1,1,-0.0008544402534534739,0.851101869244797
2026-04-22 08:00:00,4757.12,0.6049825954530618,-1,1,-0.0004971458772226748,0.8506787474594054
2026-04-22 09:00:00,4755.389999999999,0.636183255149914,-1,1,0.0006937005681659415,0.8512688637898447
2026-04-22 10:00:00,4759.355,0.6090277192593389,-1,1,-0.002011622944550062,0.849556431811464
2026-04-22 11:00:00,4750.42,0.6037244692207374,-1,1,-0.0014143432515905294,0.8483548674052861
2026-04-22 12:00:00,4744.335,0.6075598830049244,-1,1,0.0017035981053183248,0.8498001231500354
2026-04-22 13:00:00,4753.055,0.6264953007907956,-1,1,-0.00369509616463348,0.8466600299742786
2026-04-22 14:00:00,4736.148499999999,0.6284728594507335,-1,0,-0.0,0.8466600299742786
2026-04-22 15:00:00,4727.73,0.5537401096043791,1,0,0.0,0.8466600299742786
2026-04-22 16:00:00,4728.76,0.5342211538461543,1,1,0.0016644487870294243,0.8480692522341956
2026-04-22 17:00:00,4737.195,0.5278350533599112,-1,0,0.0,0.8480692522341956
2026-04-22 18:00:00,4741.799999999999,0.5194831510493615,-1,0,-0.0,0.8480692522341956
2026-04-22 19:00:00,4740.28,0.5368192082709771,-1,0,-0.0,0.8480692522341956
2026-04-22 20:00:00,4739.799999999999,0.6054222945484118,-1,0,-0.0,0.8480692522341956
2026-04-22 22:00:00,4726.12,0.7645158055744401,1,-1,-0.000540510144806655,0.8476108621998645
2026-04-22 23:00:00,4727.879999999999,0.8377554781896491,1,-1,-0.004475104164697548,0.843817715300391
2026-04-23 00:00:00,4748.17,0.7171940415523356,-1,0,-0.0,0.843817715300391
2026-04-23 01:00:00,4723.415,0.7068633123440645,-1,0,-0.0,0.843817715300391
2026-04-23 02:00:00,4699.0935,0.695652606912715,1,0,0.0,0.843817715300391
2026-04-23 03:00:00,4704.0535,0.6967161622982001,1,1,-6.59465633838463e-05,0.8437620684219445
2026-04-23 04:00:00,4704.469999999999,0.6971880102351703,-1,0,0.0,0.8437620684219445
2026-04-23 05:00:00,4713.450000000001,0.6802284958094448,-1,-1,-4.67234182623308e-05,0.8437226449739077
2026-04-23 06:00:00,4712.96,0.6049592391304337,-1,0,0.0,0.8437226449739077
2026-04-23 07:00:00,4719.275,0.5387130328478777,-1,1,-0.0034843727125136864,0.8407828008128307
2026-04-23 08:00:00,4703.4,0.5284536050735811,1,1,-0.0013348755379242968,0.8396604604193182
2026-04-23 09:00:00,4697.68,0.5438869549614277,1,1,-0.0003307775231520855,0.8393827196119319
2026-04-23 10:00:00,4696.700000000001,0.5367199542595763,1,1,0.005007405209133892,0.8435858490145736
2026-04-23 11:00:00,4720.785,0.5380199852799691,-1,1,0.003989162822437399,0.8469510503209967
2026-04-23 12:00:00,4740.1849999999995,0.5571959347398495,-1,0,-0.0,0.8469510503209967
2026-04-23 13:00:00,4724.515,0.5693598689354714,-1,0,0.0,0.8469510503209967
2026-04-23 14:00:00,4733.77,0.5579430058513541,-1,0,-0.0,0.8469510503209967
2026-04-23 15:00:00,4720.575,0.5380857056099603,-1,-1,-0.002775739333791061,0.8446001349768251
2026-04-23 16:00:00,4733.110000000001,0.5669836227001812,-1,1,-0.005133407764176367,0.8402644580863107
2026-04-23 17:00:00,4709.41,0.6380014302976523,-1,0,-0.0,0.8402644580863107
2026-04-23 18:00:00,4701.08,0.6019625090620357,-1,0,-0.0,0.8402644580863107
2026-04-23 19:00:00,4696.208500000001,0.5301403784911591,-1,0,-0.0,0.8402644580863107
2026-04-23 20:00:00,4692.855,0.55818996257979,-1,0,0.0,0.8402644580863107
2026-04-23 22:00:00,4693.4085,0.883465449337627,-1,0,0.0,0.8402644580863107
2026-04-23 23:00:00,4695.379999999999,0.764747283822004,-1,0,0.0,0.8402644580863107
2026-04-24 00:00:00,4704.719999999999,0.7016467694566825,-1,0,-0.0,0.8402644580863107
2026-04-24 01:00:00,4699.58,0.7040577272241809,-1,0,-0.0,0.8402644580863107
2026-04-24 02:00:00,4676.799999999999,0.7051462249894213,1,0,-0.0,0.8402644580863107
2026-04-24 03:00:00,4672.3185,0.7064435988902138,1,1,0.00032212196174325744,0.8405351257219326
2026-04-24 04:00:00,4674.5599999999995,0.6875409389111341,1,1,0.0024435367309630245,0.8425890041752987
2026-04-24 05:00:00,4686.700000000001,0.7031435519034082,1,1,-0.0032950996547473185,0.8398125894385469
2026-04-24 06:00:00,4671.99,0.5939027623628088,1,1,0.004695236342037733,0.8437557080289796
2026-04-24 07:00:00,4694.549999999999,0.5459378031606971,1,1,-0.0009065699168525383,0.8429907844869079
2026-04-24 08:00:00,4690.87,0.5326213867371982,1,1,-0.0019905947908890886,0.8413127314225407
2026-04-24 09:00:00,4682.094999999999,0.5405778587225217,1,1,-0.0010167623379536289,0.8404573163227893
2026-04-24 10:00:00,4677.905000000001,0.5324601306135655,1,1,0.006080187577427357,0.8455674544568531
2026-04-24 11:00:00,4706.91,0.5424961193121326,1,1,-0.0014144090537765517,0.8443714761936906
2026-04-24 12:00:00,4700.825000000001,0.5287268063274935,1,1,0.002092456790812497,0.8461382870230204
2026-04-24 13:00:00,4711.219999999999,0.5398546238620014,-1,1,0.0031223643506647363,0.8487802390461536
2026-04-24 14:00:00,4726.5,0.5328270097357466,-1,1,2.4790646411531346e-05,0.8488012808569408
2026-04-24 15:00:00,4727.18,0.5277991537660796,-1,1,-0.000177230220504996,0.8486508476187696
2026-04-24 16:00:00,4726.9,0.5020847986993576,-1,1,-0.0008286794302184608,0.8479475881179105
2026-04-24 17:00:00,4723.514999999999,0.5177555137968514,-1,1,-0.0002525143910406945,0.8477334691490624
2026-04-24 18:00:00,4722.87,0.546772603978298,-1,1,-0.0014549993127012785,0.8465000175340966
2026-04-24 19:00:00,4716.575000000001,0.5444517354289424,-1,1,-0.0014585693507321354,0.8452653385531271
2026-04-24 20:00:00,4710.27,0.8380222557525616,-1,1,-0.005614969472185769,0.8405191994812545
2026-04-26 22:00:00,4684.6900000000005,0.9440850183391382,1,1,-0.001173841816286563,0.8395325628975118
2026-04-26 23:00:00,4680.165,0.9084947180683257,1,1,0.0035995537084551033,0.8425545054476582
2026-04-27 00:00:00,4697.95,0.675572880371651,1,0,0.0,0.8425545054476582
2026-04-27 01:00:00,4702.764999999999,0.6904699477117163,0,0,0.0,0.8425545054476582
2026-04-27 02:00:00,4718.395,0.68136882339034,-1,0,0.0,0.8425545054476582
2026-04-27 03:00:00,4724.275,0.6808820150243019,-1,0,0.0,0.8425545054476582
2026-04-27 04:00:00,4725.115,0.6802196878751567,-1,0,-0.0,0.8425545054476582
2026-04-27 05:00:00,4710.219999999999,0.6823580084831362,-1,0,0.0,0.8425545054476582
2026-04-27 06:00:00,4712.89,0.5938078872201216,-1,0,0.0,0.8425545054476582
2026-04-27 07:00:00,4713.424999999999,0.5344499343514572,-1,1,-0.0014956109271601788,0.8412943717225826
2026-04-27 08:00:00,4706.9400000000005,0.4041146625290966,-1,-1,0.0005908053507100264,0.8417914129389185
2026-04-27 09:00:00,4703.725,0.4046649810366578,-1,1,0.0010205390448980117,0.8426504939434826
2026-04-27 10:00:00,4708.96,0.3930819592036104,-1,1,-0.0009361052035275454,0.841861684431347
2026-04-27 11:00:00,4704.975,0.39603629964807113,-1,1,-0.0012977829424488908,0.8407691306973908
2026-04-27 12:00:00,4699.295,0.48713198547346825,-1,0,-0.0,0.8407691306973908
2026-04-27 13:00:00,4696.22,0.5240841058486417,-1,0,-0.0,0.8407691306973908
2026-04-27 14:00:00,4678.23,0.5249347306894603,1,-1,0.001617078525277589,0.8421287204033578
2026-04-27 15:00:00,4670.110000000001,0.5344427683137694,1,0,0.0,0.8421287204033578
2026-04-27 16:00:00,4676.79,0.531601338490822,1,1,0.0010527303260373822,0.8430152548457536
2026-04-27 17:00:00,4682.275,0.5411715026746621,1,0,-0.0,0.8430152548457536
2026-04-27 18:00:00,4680.74,0.5316448409735698,1,0,0.0,0.8430152548457536
2026-04-27 19:00:00,4680.92,0.5295841689084562,1,0,0.0,0.8430152548457536
2026-04-27 20:00:00,4682.635,0.5807374673318948,1,1,0.0010152964159426167,0.8438711652125834
2026-04-27 22:00:00,4688.0,0.7910935960591255,-1,1,0.000687693345550463,0.844451489797402
2026-04-27 23:00:00,4692.045,0.7299241666666672,-1,1,-0.00046566564614503974,0.8440582577487674
2026-04-28 00:00:00,4690.62,0.6814441552295338,-1,-1,0.004096165505790421,0.8475156600690356
2026-04-28 01:00:00,4670.695,0.6880403225806502,-1,1,-0.00048023695029979246,0.8471086517331127
2026-04-28 02:00:00,4669.17,0.6781224198158123,-1,0,0.0,0.8471086517331127
2026-04-28 03:00:00,4671.115,0.679120299022435,-1,1,-0.0008586002055231407,0.8463813240706343
2026-04-28 04:00:00,4667.8135,0.6715049474335205,-1,1,-0.0077938000195238045,0.839784797290568
2026-04-28 05:00:00,4632.135,0.6721066819772503,-1,0,-0.0,0.839784797290568
2026-04-28 06:00:00,4629.005,0.5919220452640451,-1,0,0.0,0.839784797290568
2026-04-28 07:00:00,4633.3099999999995,0.5304760486862024,-1,0,-0.0,0.839784797290568
2026-04-28 08:00:00,4629.745,0.5131750093388106,-1,1,-0.005469669497853275,0.8351914520000668
2026-04-28 09:00:00,4604.965,0.44299988734298645,-1,1,-0.00044690890969704993,0.8348181974988652
2026-04-28 10:00:00,4603.38,0.44327293244030413,-1,1,-0.00895282877634278,0.8273442131172828
2026-04-28 11:00:00,4562.639999999999,0.5371643865842866,1,1,0.00670288158027297,0.832889803403932
2026-04-28 12:00:00,4593.79,0.6049194683092908,-1,0,-0.0,0.832889803403932
2026-04-28 13:00:00,4580.57,0.6093934577608598,-1,0,-0.0,0.832889803403932
2026-04-28 14:00:00,4574.7285,0.5482460684551342,0,0,0.0,0.832889803403932
2026-04-28 15:00:00,4586.505,0.5417747315113881,0,0,0.0,0.832889803403932
2026-04-28 16:00:00,4592.365,0.5509080311955563,0,1,0.00040155605419086947,0.8332242553469627
2026-04-28 17:00:00,4594.79,0.5320798981228171,0,0,-0.0,0.8332242553469627
2026-04-28 18:00:00,4594.29,0.5355819696343084,-1,0,0.0,0.8332242553469627
2026-04-28 19:00:00,4595.675,0.5101196466182987,-1,0,0.0,0.8332242553469627
2026-04-28 20:00:00,4596.415000000001,0.5769995121951149,-1,-1,0.0003628916204925428,0.8335266254472192
2026-04-28 22:00:00,4594.139999999999,0.8025073917634686,-1,1,0.00015835229406088668,0.8336586163005196
2026-04-28 23:00:00,4595.7,0.744444784553802,-1,0,0.0,0.8336586163005196
2026-04-29 00:00:00,4600.395,0.6762750685386663,-1,0,-0.0,0.8336586163005196
2026-04-29 01:00:00,4585.0,0.6848452451856243,-1,0,0.0,0.8336586163005196
2026-04-29 02:00:00,4593.889999999999,0.6783470337092999,-1,1,0.00020389103054082287,0.8338285918149164
2026-04-29 03:00:00,4595.535,0.6682174808711088,-1,1,0.0019022339116402916,0.8354147288387621
2026-04-29 04:00:00,4604.975,0.6754433159483922,-1,1,-0.0031640656715724363,0.8327714217737173
2026-04-29 05:00:00,4591.11,0.6809219592831006,-1,1,-0.001568449015441285,0.8314652622571487
2026-04-29 06:00:00,4584.62,0.5852540190688271,-1,1,-0.003776813349649204,0.8283249731548863
2026-04-29 07:00:00,4567.92,0.5339086484644966,-1,1,0.0010466670501092779,0.8291919536110701
2026-04-29 08:00:00,4573.264999999999,0.5334022214900965,-1,1,-0.00391698321035179,0.8259440226506167
2026-04-29 09:00:00,4555.915,0.5411185475258116,-1,1,0.002967325214029363,0.8283948671744048
2026-04-29 10:00:00,4570.005,0.5301777608723225,-1,1,-0.001939861720254683,0.8267878956823177
2026-04-29 11:00:00,4561.7,0.52085112375697,-1,1,-0.0037761911400919054,0.8236657865559069
2026-04-29 12:00:00,4545.025,0.5808790479516982,-1,1,-0.0052465891932280745,0.819344350541331
2026-04-29 13:00:00,4521.79,0.6045190586063678,1,-1,-0.004052492278192009,0.816023963887582
2026-04-29 14:00:00,4539.48,0.6006026286001777,1,0,0.0,0.816023963887582
2026-04-29 15:00:00,4547.74,0.5399369447107706,-1,1,-0.0006123782240653627,0.8155242485817817
2026-04-29 16:00:00,4545.525,0.550835341964847,-1,0,0.0,0.8155242485817817
2026-04-29 17:00:00,4547.3435,0.4506619392752147,-1,0,-0.0,0.8155242485817817
2026-04-29 18:00:00,4538.219999999999,0.6110855681240426,1,1,0.0018055348643029245,0.8169967060452806
2026-04-29 19:00:00,4547.055,0.5970782838461187,1,0,-0.0,0.8169967060452806
2026-04-29 20:00:00,4543.895,0.6225983106820728,1,1,0.0016808050558644301,0.8183699182394261
2026-04-29 22:00:00,4552.1849999999995,0.8158331656606265,1,0,0.0,0.8183699182394261
2026-04-29 23:00:00,4561.6849999999995,0.9000363822326155,1,0,0.0,0.8183699182394261
2026-04-30 00:00:00,4569.925,0.6912772967420047,-1,0,0.0,0.8183699182394261
2026-04-30 01:00:00,4579.075000000001,0.6661490971714831,-1,0,-0.0,0.8183699182394261
2026-04-30 02:00:00,4564.975,0.6785085644893342,-1,0,-0.0,0.8183699182394261
2026-04-30 03:00:00,4556.2,0.6667519410870052,1,1,-0.003256387327397209,0.8157049888085481
2026-04-30 04:00:00,4542.0599999999995,0.6715301196389833,1,1,0.004399649031576316,0.8192938044726116
2026-04-30 05:00:00,4562.745,0.655840154349857,1,1,0.00574306910547283,0.8239990654093835
2026-04-30 06:00:00,4589.635,0.5786318093938388,1,0,0.0,0.8239990654093835
2026-04-30 07:00:00,4598.555,0.5107367433843688,1,1,0.0037618911281078905,0.8270988601831163
2026-04-30 08:00:00,4616.395,0.5762037169406826,0,0,0.0,0.8270988601831163
2026-04-30 09:00:00,4625.28,0.5926314239574397,-1,0,0.0,0.8270988601831163
2026-04-30 10:00:00,4639.785,0.5973197584047629,-1,0,0.0,0.8270988601831163
