direction,entry_price,exit_price,bars_held,trade_return,trade_pnl_usd,win,entry_time,exit_time
LONG,1820.1750000000002,1829.47,16,0.0049029553434609685,49.029553434609625,True,2022-12-30T06:00:00.000000,2023-01-02T23:00:00.000000
SHORT,1829.47,1859.9965,32,-0.01793950456757476,-180.27461157353355,False,2023-01-02T23:00:00.000000,2023-01-04T08:00:00.000000
LONG,1859.9965,1853.67,4,-0.0037484385059912695,-36.99242103026336,False,2023-01-04T08:00:00.000000,2023-01-04T12:00:00.000000
SHORT,1853.67,1852.645,16,0.00014607946464417765,1.436218605551403,True,2023-01-04T12:00:00.000000,2023-01-05T05:00:00.000000
LONG,1852.645,1838.2849999999999,20,-0.008115076917707409,-79.79716411763002,False,2023-01-05T05:00:00.000000,2023-01-06T02:00:00.000000
SHORT,1838.2849999999999,1838.8415,4,-0.0006712574935666682,-6.54704389519793,False,2023-01-06T02:00:00.000000,2023-01-06T06:00:00.000000
LONG,1838.8415,1843.7215,8,0.0022730395635663925,22.1549859702518,True,2023-01-06T06:00:00.000000,2023-01-06T14:00:00.000000
SHORT,1843.7215,1875.105,16,-0.01723059914765923,-168.32588706388015,False,2023-01-06T14:00:00.000000,2023-01-09T07:00:00.000000
LONG,1875.105,1873.194,4,-0.0013693433533503718,-13.14663231681152,False,2023-01-09T07:00:00.000000,2023-01-09T11:00:00.000000
SHORT,1873.194,1871.4185,16,0.000568845550318553,5.453827759834894,True,2023-01-09T11:00:00.000000,2023-01-10T04:00:00.000000
LONG,1871.4185,1871.655,12,-0.00024329900582209518,-2.3339651307705935,False,2023-01-10T04:00:00.000000,2023-01-10T16:00:00.000000
SHORT,1871.655,1873.8565,24,-0.0015752421397847716,-15.107606835099432,False,2023-01-10T16:00:00.000000,2023-01-11T17:00:00.000000
LONG,1873.8565,1883.7350000000001,8,0.004892518434291837,46.84855124271962,True,2023-01-11T17:00:00.000000,2023-01-12T02:00:00.000000
SHORT,1883.7350000000001,1883.211,4,-8.768000881187454e-05,-0.8436919243376906,False,2023-01-12T02:00:00.000000,2023-01-12T06:00:00.000000
LONG,1883.211,1884.38,4,0.00023981962507302335,2.3074375000305736,True,2023-01-12T06:00:00.000000,2023-01-12T10:00:00.000000
SHORT,1884.38,1899.795,24,-0.008645046489065167,-83.19873050948445,False,2023-01-12T10:00:00.000000,2023-01-13T11:00:00.000000
LONG,1899.795,1913.7514999999999,4,0.006988690622238503,66.67674078088385,True,2023-01-13T11:00:00.000000,2023-01-13T15:00:00.000000
SHORT,1913.7514999999999,1911.7984999999999,16,0.0006237380987743624,5.9924637119929685,True,2023-01-13T15:00:00.000000,2023-01-16T08:00:00.000000
LONG,1911.7984999999999,1914.95,4,0.0013104620622983454,12.597906910526945,True,2023-01-16T08:00:00.000000,2023-01-16T12:00:00.000000
SHORT,1914.95,1913.6685,4,0.0002913145319010102,2.804173272112166,True,2023-01-16T12:00:00.000000,2023-01-16T16:00:00.000000
LONG,1913.6685,1913.0115,16,-0.0006841141357981639,-6.587153110929648,False,2023-01-16T16:00:00.000000,2023-01-17T13:00:00.000000
SHORT,1913.0115,1907.23,4,0.0026721179574937803,25.711511659230382,True,2023-01-17T13:00:00.000000,2023-01-17T17:00:00.000000
LONG,1907.23,1908.8485,4,0.0005112947827572434,4.932899697085304,True,2023-01-17T17:00:00.000000,2023-01-17T21:00:00.000000
SHORT,1908.8485,1906.9485,24,0.0005165583627644299,4.986230102596892,True,2023-01-17T21:00:00.000000,2023-01-18T23:00:00.000000
LONG,1906.9485,1929.7649999999999,20,0.011489589475178752,110.96389978775187,True,2023-01-18T23:00:00.000000,2023-01-19T19:00:00.000000
SHORT,1929.7649999999999,1923.8165,8,0.0027239947382666774,26.610000426220722,True,2023-01-19T19:00:00.000000,2023-01-20T04:00:00.000000
LONG,1923.8165,1928.6585,4,0.0021514749891511364,21.07445374789495,True,2023-01-20T04:00:00.000000,2023-01-20T08:00:00.000000
SHORT,1928.6585,1927.205,12,0.0003929478757698224,3.8573437235645542,True,2023-01-20T08:00:00.000000,2023-01-20T20:00:00.000000
LONG,1927.205,1932.5149999999999,4,0.002396653968300244,23.535820918787067,True,2023-01-20T20:00:00.000000,2023-01-23T01:00:00.000000
SHORT,1932.5149999999999,1925.975,8,0.0030292419205300014,29.8193095114093,True,2023-01-23T01:00:00.000000,2023-01-23T09:00:00.000000
LONG,1925.975,1923.9085,8,-0.001439951569628617,-14.217561142631894,False,2023-01-23T09:00:00.000000,2023-01-23T17:00:00.000000
SHORT,1923.9085,1926.0149999999999,40,-0.001578268358605417,-15.56081197768981,False,2023-01-23T17:00:00.000000,2023-01-25T11:00:00.000000
LONG,1926.0149999999999,1933.0349999999999,4,0.003290766795715383,32.39384778807107,True,2023-01-25T11:00:00.000000,2023-01-25T15:00:00.000000
SHORT,1933.0349999999999,1929.6985,28,0.0013062008622408694,12.900371354564413,True,2023-01-25T15:00:00.000000,2023-01-26T20:00:00.000000
LONG,1929.6985,1925.0965,8,-0.002728187879447619,-26.979470809974373,False,2023-01-26T20:00:00.000000,2023-01-27T05:00:00.000000
SHORT,1925.0965,1925.7685000000001,4,-0.0007253112633530678,-7.153146461034339,False,2023-01-27T05:00:00.000000,2023-01-27T09:00:00.000000
LONG,1925.7685000000001,1928.895,4,0.001267234739134926,12.48862578981425,True,2023-01-27T09:00:00.000000,2023-01-27T13:00:00.000000
SHORT,1928.895,1922.155,32,0.003057936326822386,30.17421812764951,True,2023-01-27T13:00:00.000000,2023-01-30T23:00:00.000000
LONG,1922.155,1914.495,8,-0.0044754203696127925,-44.296298796107294,False,2023-01-30T23:00:00.000000,2023-01-31T07:00:00.000000
SHORT,1914.495,1904.28,4,0.004995039425628622,49.21806251068665,True,2023-01-31T07:00:00.000000,2023-01-31T11:00:00.000000
LONG,1904.28,1928.67,4,0.012456368678849472,123.35051442662734,True,2023-01-31T11:00:00.000000,2023-01-31T15:00:00.000000
SHORT,1928.67,1927.635,8,0.0001919578352831408,1.9245609586087085,True,2023-01-31T15:00:00.000000,2023-02-01T00:00:00.000000
LONG,1927.635,1925.8,8,-0.0013039977746114317,-13.076334942330504,False,2023-02-01T00:00:00.000000,2023-02-01T08:00:00.000000
SHORT,1925.8,1925.1785,8,-3.861348264022624e-05,-0.3867064989390201,False,2023-02-01T08:00:00.000000,2023-02-01T16:00:00.000000
LONG,1925.1785,1953.5515,4,0.014355503876230857,143.76202060300966,True,2023-02-01T16:00:00.000000,2023-02-01T20:00:00.000000
SHORT,1953.5515,1912.1599999999999,20,0.021063319489307508,213.96499734555618,True,2023-02-01T20:00:00.000000,2023-02-02T17:00:00.000000
LONG,1912.1599999999999,1865.6100000000001,28,-0.024687783507769567,-256.0652779128286,False,2023-02-02T17:00:00.000000,2023-02-05T23:00:00.000000
SHORT,1865.6100000000001,1875.98,8,-0.006023084443900761,-60.930004271695,False,2023-02-05T23:00:00.000000,2023-02-06T07:00:00.000000
LONG,1875.98,1866.005,8,-0.005679735612537762,-57.11059369973009,False,2023-02-06T07:00:00.000000,2023-02-06T15:00:00.000000
SHORT,1866.005,1870.025,8,-0.002511199117171792,-25.107067799222932,False,2023-02-06T15:00:00.000000,2023-02-07T00:00:00.000000
LONG,1870.025,1872.4450000000002,8,0.0009117675186260943,9.092995796634568,True,2023-02-07T00:00:00.000000,2023-02-07T08:00:00.000000
SHORT,1872.4450000000002,1877.81,28,-0.0033503483413511725,-33.44326211370935,False,2023-02-07T08:00:00.000000,2023-02-08T13:00:00.000000
LONG,1877.81,1875.8,4,-0.0014342857068992965,-14.269109109271085,False,2023-02-08T13:00:00.000000,2023-02-08T17:00:00.000000
SHORT,1875.8,1875.525,4,-0.0002093615617421163,-2.079863282509905,False,2023-02-08T17:00:00.000000,2023-02-08T21:00:00.000000
LONG,1875.525,1885.6865,12,0.004979608072120945,49.45862825408767,True,2023-02-08T21:00:00.000000,2023-02-09T10:00:00.000000
SHORT,1885.6865,1862.48,12,0.012027809804061151,120.05788995662988,True,2023-02-09T10:00:00.000000,2023-02-09T23:00:00.000000
LONG,1862.48,1866.255,8,0.0015624413217978361,15.783391068351193,True,2023-02-09T23:00:00.000000,2023-02-10T07:00:00.000000
SHORT,1866.255,1864.7849999999999,4,0.0004131054640768017,4.179608180322248,True,2023-02-10T07:00:00.000000,2023-02-10T11:00:00.000000
LONG,1864.7849999999999,1859.9650000000001,4,-0.0029499385614149,-29.85843043786008,False,2023-02-10T11:00:00.000000,2023-02-10T15:00:00.000000
SHORT,1859.9650000000001,1863.705,4,-0.0023782648562020725,-24.001102211452235,False,2023-02-10T15:00:00.000000,2023-02-10T19:00:00.000000
LONG,1863.705,1863.2150000000001,4,-0.0006322138582212089,-6.365036259909175,False,2023-02-10T19:00:00.000000,2023-02-13T00:00:00.000000
SHORT,1863.2150000000001,1862.5549999999998,8,6.677244447139685e-06,0.06718301538421656,True,2023-02-13T00:00:00.000000,2023-02-13T08:00:00.000000
LONG,1862.5549999999998,1851.3,8,-0.006397514565926188,-64.36894632343137,False,2023-02-13T08:00:00.000000,2023-02-13T16:00:00.000000
SHORT,1851.3,1856.6685,8,-0.003254736909482081,-32.53821128187519,False,2023-02-13T16:00:00.000000,2023-02-14T01:00:00.000000
LONG,1856.6685,1862.6950000000002,8,0.0028824402954950035,28.72250321703541,True,2023-02-14T01:00:00.000000,2023-02-14T09:00:00.000000
SHORT,1862.6950000000002,1862.579,4,-0.00030291843489149706,-3.0271761827498267,False,2023-02-14T09:00:00.000000,2023-02-14T13:00:00.000000
LONG,1862.579,1849.835,4,-0.007291486882624931,-72.8444580591513,False,2023-02-14T13:00:00.000000,2023-02-14T17:00:00.000000
SHORT,1849.835,1843.65,12,0.002943067188584836,29.187865811649317,True,2023-02-14T17:00:00.000000,2023-02-15T06:00:00.000000
LONG,1843.65,1836.505,16,-0.004234000786931813,-42.114279890503894,False,2023-02-15T06:00:00.000000,2023-02-15T23:00:00.000000
SHORT,1836.505,1840.53,4,-0.0026581643423014834,-26.32798159408412,False,2023-02-15T23:00:00.000000,2023-02-16T03:00:00.000000
LONG,1840.53,1841.385,4,0.00010061716210296723,0.9939209356361971,True,2023-02-16T03:00:00.000000,2023-02-16T07:00:00.000000
SHORT,1841.385,1837.4985000000001,4,0.0017334945854288186,17.125606439825788,True,2023-02-16T07:00:00.000000,2023-02-16T11:00:00.000000
LONG,1837.4985000000001,1834.6750000000002,4,-0.001906655410959801,-18.868956163480107,False,2023-02-16T11:00:00.000000,2023-02-16T15:00:00.000000
SHORT,1834.6750000000002,1826.8335,12,0.003901136951890871,38.53346130467435,True,2023-02-16T15:00:00.000000,2023-02-17T04:00:00.000000
LONG,1826.8335,1839.6750000000002,12,0.00665141884256637,65.95565951947901,True,2023-02-17T04:00:00.000000,2023-02-17T16:00:00.000000
SHORT,1839.6750000000002,1840.9285,24,-0.0010624319590862852,-10.60517909975897,False,2023-02-17T16:00:00.000000,2023-02-20T17:00:00.000000
LONG,1840.9285,1834.83,12,-0.003708499005119159,-36.97884942505698,False,2023-02-20T17:00:00.000000,2023-02-21T08:00:00.000000
SHORT,1834.83,1833.3,4,0.0004562742979525858,4.532811494133057,True,2023-02-21T08:00:00.000000,2023-02-21T12:00:00.000000
LONG,1833.3,1834.755,8,0.00041812976179578243,4.155763708451559,True,2023-02-21T12:00:00.000000,2023-02-21T20:00:00.000000
SHORT,1834.755,1836.385,4,-0.0012631136197924775,-12.559250902651911,False,2023-02-21T20:00:00.000000,2023-02-22T01:00:00.000000
LONG,1836.385,1825.135,20,-0.0064853140929804765,-64.40260332057551,False,2023-02-22T01:00:00.000000,2023-02-22T21:00:00.000000
SHORT,1825.135,1829.74,4,-0.002965877066107847,-29.26171967868504,False,2023-02-22T21:00:00.000000,2023-02-23T02:00:00.000000
LONG,1829.74,1828.205,12,-0.0012150292411892138,-11.952078907281248,False,2023-02-23T02:00:00.000000,2023-02-23T14:00:00.000000
SHORT,1828.205,1823.2649999999999,8,0.002328842713466228,22.88067742381645,True,2023-02-23T14:00:00.000000,2023-02-23T23:00:00.000000
LONG,1823.2649999999999,1825.815,4,0.0008785269658877493,8.651552440947853,True,2023-02-23T23:00:00.000000,2023-02-24T03:00:00.000000
SHORT,1825.815,1819.2065,8,0.0032301709742452722,31.838003808561552,True,2023-02-24T03:00:00.000000,2023-02-24T11:00:00.000000
LONG,1819.2065,1810.742,4,-0.005024472645800082,-49.683409426967046,False,2023-02-24T11:00:00.000000,2023-02-24T15:00:00.000000
SHORT,1810.742,1811.07,4,-0.000568818266643567,-5.59637538941206,False,2023-02-24T15:00:00.000000,2023-02-24T19:00:00.000000
LONG,1811.07,1813.5665,4,0.0010040260272943247,9.872591550078141,True,2023-02-24T19:00:00.000000,2023-02-27T00:00:00.000000
SHORT,1813.5665,1811.5185000000001,12,0.0007329799589270714,7.214630993323226,True,2023-02-27T00:00:00.000000,2023-02-27T12:00:00.000000
LONG,1811.5185000000001,1817.0285,4,0.0026652542201286433,26.252996157854795,True,2023-02-27T12:00:00.000000,2023-02-27T16:00:00.000000
SHORT,1817.0285,1813.4935,12,0.00158616844451398,15.665544926927396,True,2023-02-27T16:00:00.000000,2023-02-28T05:00:00.000000
LONG,1813.4935,1810.4,4,-0.0020795096688389636,-20.57052913496409,False,2023-02-28T05:00:00.000000,2023-02-28T09:00:00.000000
SHORT,1810.4,1833.4765,40,-0.013028834648257215,-128.61334443437772,False,2023-02-28T09:00:00.000000,2023-03-02T03:00:00.000000
LONG,1833.4765,1844.3195,28,0.0055479952111257,54.053149212515564,True,2023-03-02T03:00:00.000000,2023-03-03T08:00:00.000000
SHORT,1844.3195,1845.8584999999998,4,-0.0011973655113527437,-11.730444612543579,False,2023-03-03T08:00:00.000000,2023-03-03T12:00:00.000000
LONG,1845.8584999999998,1847.88,4,0.0007262047203728805,7.106020815162992,True,2023-03-03T12:00:00.000000,2023-03-03T16:00:00.000000
SHORT,1847.88,1855.26,4,-0.004353453858953693,-42.630126942100105,False,2023-03-03T16:00:00.000000,2023-03-03T20:00:00.000000
LONG,1855.26,1852.6545,4,-0.001768316575716966,-17.240421898963177,False,2023-03-03T20:00:00.000000,2023-03-06T01:00:00.000000
SHORT,1852.6545,1850.4265,16,0.0008314579800883237,8.092068072521215,True,2023-03-06T01:00:00.000000,2023-03-06T17:00:00.000000
LONG,1850.4265,1846.535,4,-0.002466640544976695,-24.02625239718691,False,2023-03-06T17:00:00.000000,2023-03-06T21:00:00.000000
SHORT,1846.535,1849.2135,4,-0.0019052721140456752,-18.512480263632824,False,2023-03-06T21:00:00.000000,2023-03-07T02:00:00.000000
LONG,1849.2135,1831.7535,12,-0.009810989306101137,-95.14635630819794,False,2023-03-07T02:00:00.000000,2023-03-07T14:00:00.000000
SHORT,1831.7535,1814.03,8,0.009355297391096862,89.83696236102696,True,2023-03-07T14:00:00.000000,2023-03-07T23:00:00.000000
LONG,1814.03,1830.6484999999998,44,0.008717684878939203,84.49727321617866,True,2023-03-07T23:00:00.000000,2023-03-09T20:00:00.000000
SHORT,1830.6484999999998,1831.0365,8,-0.0005718638039284851,-5.591183831351373,False,2023-03-09T20:00:00.000000,2023-03-10T05:00:00.000000
LONG,1831.0365,1831.6315,4,-3.772131394153e-05,-0.36859509063833684,False,2023-03-10T05:00:00.000000,2023-03-10T09:00:00.000000
SHORT,1831.6315,1896.51,68,-0.035088964947026735,-342.8600700909428,False,2023-03-10T09:00:00.000000,2023-03-15T07:00:00.000000
LONG,1896.51,1918.1145000000001,4,0.01102549499486738,103.95173004473872,True,2023-03-15T07:00:00.000000,2023-03-15T11:00:00.000000
SHORT,1918.1145000000001,1913.57,12,0.0018979990134957436,18.092213948710196,True,2023-03-15T11:00:00.000000,2023-03-16T00:00:00.000000
LONG,1913.57,1930.4215,12,0.008449880531672838,80.69930796289373,True,2023-03-16T00:00:00.000000,2023-03-16T12:00:00.000000
SHORT,1930.4215,1919.5715,8,0.0052604386402343994,50.663538588669326,True,2023-03-16T12:00:00.000000,2023-03-16T20:00:00.000000
LONG,1919.5715,1922.9,4,0.001315454333375321,12.735849783906815,True,2023-03-16T20:00:00.000000,2023-03-17T01:00:00.000000
SHORT,1922.9,1976.705,44,-0.028045939661634933,-271.88989473642505,False,2023-03-17T01:00:00.000000,2023-03-20T23:00:00.000000
LONG,1976.705,1983.9450000000002,4,0.0032546680056297905,30.667297360729208,True,2023-03-20T23:00:00.000000,2023-03-21T03:00:00.000000
SHORT,1983.9450000000002,1970.38,4,0.00650629697169669,61.50548973950754,True,2023-03-21T03:00:00.000000,2023-03-21T07:00:00.000000
LONG,1970.38,1940.2165,12,-0.015653539227963864,-148.93920828606133,False,2023-03-21T07:00:00.000000,2023-03-21T19:00:00.000000
SHORT,1940.2165,1943.5585,4,-0.0020680925073013334,-19.369322948703484,False,2023-03-21T19:00:00.000000,2023-03-22T00:00:00.000000
LONG,1943.5585,1941.9835,8,-0.001154163709829903,-10.787301138694602,False,2023-03-22T00:00:00.000000,2023-03-22T08:00:00.000000
SHORT,1941.9835,1978.2005,24,-0.018867602121396265,-176.14104185864016,False,2023-03-22T08:00:00.000000,2023-03-23T09:00:00.000000
LONG,1978.2005,1984.17,4,0.002679301181773175,24.54104229465156,True,2023-03-23T09:00:00.000000,2023-03-23T13:00:00.000000
SHORT,1984.17,1986.09,16,-0.0013875192462003971,-12.74302496260134,False,2023-03-23T13:00:00.000000,2023-03-24T06:00:00.000000
LONG,1986.09,1993.845,4,0.003555086829369003,32.60473839231781,True,2023-03-24T06:00:00.000000,2023-03-24T10:00:00.000000
SHORT,1993.845,1975.8485,12,0.008705681787621655,80.12619374909445,True,2023-03-24T10:00:00.000000,2023-03-26T23:00:00.000000
LONG,1975.8485,1974.7335,4,-0.0009528389760714573,-8.846178635076285,False,2023-03-26T23:00:00.000000,2023-03-27T03:00:00.000000
SHORT,1974.7335,1957.8935000000001,24,0.008143835472882222,75.53551115983828,True,2023-03-27T03:00:00.000000,2023-03-28T04:00:00.000000
LONG,1957.8935000000001,1965.355,8,0.003451574876992103,32.27468255879285,True,2023-03-28T04:00:00.000000,2023-03-28T12:00:00.000000
SHORT,1965.355,1963.095,16,0.0007691880159632625,7.217280896262309,True,2023-03-28T12:00:00.000000,2023-03-29T05:00:00.000000
LONG,1963.095,1967.3765,4,0.0018360126979128921,17.24053367970373,True,2023-03-29T05:00:00.000000,2023-03-29T09:00:00.000000
SHORT,1967.3765,1968.9650000000001,24,-0.00118647529875604,-11.16170049882021,False,2023-03-29T09:00:00.000000,2023-03-30T10:00:00.000000
LONG,1968.9650000000001,1972.1399999999999,4,0.0012738907839426883,11.969838034925488,True,2023-03-30T10:00:00.000000,2023-03-30T14:00:00.000000
SHORT,1972.1399999999999,1981.48,4,-0.005060599477726857,-47.61139827785337,False,2023-03-30T14:00:00.000000,2023-03-30T18:00:00.000000
LONG,1981.48,1981.2065,8,-0.0004688604685366693,-4.388834627423421,False,2023-03-30T18:00:00.000000,2023-03-31T03:00:00.000000
SHORT,1981.2065,1975.415,4,0.0025594249496077026,23.94662578563657,True,2023-03-31T03:00:00.000000,2023-03-31T07:00:00.000000
LONG,1975.415,1980.2615,4,0.0021227221176578492,19.911555905440764,True,2023-03-31T07:00:00.000000,2023-03-31T11:00:00.000000
SHORT,1980.2615,1952.665,16,0.013721824458852172,128.98666707193297,True,2023-03-31T11:00:00.000000,2023-04-03T04:00:00.000000
LONG,1952.665,1965.795,4,0.0063714079382357625,60.71376575105751,True,2023-04-03T04:00:00.000000,2023-04-03T08:00:00.000000
SHORT,1965.795,1978.88,20,-0.007006187650620221,-67.18801538738444,False,2023-04-03T08:00:00.000000,2023-04-04T05:00:00.000000
LONG,1978.88,1983.0585,4,0.0017716029118735044,16.87030660502751,True,2023-04-04T05:00:00.000000,2023-04-04T09:00:00.000000
SHORT,1983.0585,2024.495,20,-0.020967563127017308,-200.01992774566315,False,2023-04-04T09:00:00.000000,2023-04-05T06:00:00.000000
LONG,2024.495,2022.3600000000001,4,-0.0013880445194053292,-12.963604813803613,False,2023-04-05T06:00:00.000000,2023-04-05T10:00:00.000000
SHORT,2022.3600000000001,2016.4165,20,0.00256067203182897,23.88213268897198,True,2023-04-05T10:00:00.000000,2023-04-06T07:00:00.000000
LONG,2016.4165,2011.22,8,-0.002905100951112849,-27.163832371606986,False,2023-04-06T07:00:00.000000,2023-04-06T15:00:00.000000
SHORT,2011.22,1992.2555,12,0.009161659030778369,85.41623652604721,True,2023-04-06T15:00:00.000000,2023-04-10T04:00:00.000000
LONG,1992.2555,1989.53,8,-0.0017273403495128292,-16.251930922728206,False,2023-04-10T04:00:00.000000,2023-04-10T12:00:00.000000
SHORT,1989.53,1991.405,8,-0.001282487123769327,-12.04562226665621,False,2023-04-10T12:00:00.000000,2023-04-10T20:00:00.000000
LONG,1991.405,1991.2649999999999,4,-0.0004982099653175753,-4.673382224258603,False,2023-04-10T20:00:00.000000,2023-04-11T01:00:00.000000
SHORT,1991.2649999999999,2003.9250000000002,20,-0.006688564598785307,-62.70979691403227,False,2023-04-11T01:00:00.000000,2023-04-11T22:00:00.000000
LONG,2003.9250000000002,2015.705,8,0.005445017414868358,50.70924877572543,True,2023-04-11T22:00:00.000000,2023-04-12T06:00:00.000000
SHORT,2015.705,2007.0549999999998,8,0.003861822894072331,36.1608460308471,True,2023-04-12T06:00:00.000000,2023-04-12T14:00:00.000000
LONG,2007.0549999999998,2015.8200000000002,4,0.004020819771669348,37.79503701518115,True,2023-04-12T14:00:00.000000,2023-04-12T18:00:00.000000
SHORT,2015.8200000000002,2028.67,16,-0.0067169506676415525,-63.3920863517269,False,2023-04-12T18:00:00.000000,2023-04-13T11:00:00.000000
LONG,2028.67,2038.9850000000001,4,0.004761279501381832,44.633360597277715,True,2023-04-13T11:00:00.000000,2023-04-13T15:00:00.000000
SHORT,2038.9850000000001,2043.29,12,-0.0024513964336710936,-23.08938424740154,False,2023-04-13T15:00:00.000000,2023-04-14T04:00:00.000000
LONG,2043.29,2035.7615,4,-0.0040119427262343965,-37.69533356804641,False,2023-04-14T04:00:00.000000,2023-04-14T08:00:00.000000
SHORT,2035.7615,2024.77,4,0.0050765527307823355,47.5068132288925,True,2023-04-14T08:00:00.000000,2023-04-14T12:00:00.000000
LONG,2024.77,1996.0,24,-0.014593664924197447,-137.26205897902037,False,2023-04-14T12:00:00.000000,2023-04-17T13:00:00.000000
SHORT,1996.0,1994.6799999999998,8,0.00029130382107078745,2.699899945075231,True,2023-04-17T13:00:00.000000,2023-04-17T22:00:00.000000
LONG,1994.6799999999998,2000.49,4,0.0024884588566358445,23.07057647430338,True,2023-04-17T22:00:00.000000,2023-04-18T02:00:00.000000
SHORT,2000.49,1970.645,32,0.01467492858825814,136.39026084045327,True,2023-04-18T02:00:00.000000,2023-04-19T11:00:00.000000
LONG,1970.645,1994.555,8,0.011786042218760118,111.14816201867143,True,2023-04-19T11:00:00.000000,2023-04-19T19:00:00.000000
SHORT,1994.555,1992.7849999999999,8,0.0005391940925396632,5.1447953297283675,True,2023-04-19T19:00:00.000000,2023-04-20T04:00:00.000000
LONG,1992.7849999999999,1996.7314999999999,4,0.001635566062450966,15.614395422802772,True,2023-04-20T04:00:00.000000,2023-04-20T08:00:00.000000
SHORT,1996.7314999999999,2004.8249999999998,12,-0.0043911511698229155,-41.98993557637914,False,2023-04-20T08:00:00.000000,2023-04-20T20:00:00.000000
LONG,2004.8249999999998,1986.2635,12,-0.009639116105699785,-91.76831961181597,False,2023-04-20T20:00:00.000000,2023-04-21T09:00:00.000000
SHORT,1986.2635,1973.835,4,0.005890719874210193,55.54147608471976,True,2023-04-21T09:00:00.000000,2023-04-21T13:00:00.000000
LONG,1973.835,1980.345,12,0.002913801827163054,27.635024844224972,True,2023-04-21T13:00:00.000000,2023-04-24T02:00:00.000000
SHORT,1980.345,1979.06,4,0.00030945046632346873,2.943436001887676,True,2023-04-24T02:00:00.000000,2023-04-24T06:00:00.000000
LONG,1979.06,1983.7535,4,0.002016650224837102,19.187942440838015,True,2023-04-24T06:00:00.000000,2023-04-24T10:00:00.000000
SHORT,1983.7535,1990.0245,28,-0.0036468403360054857,-34.76878509970629,False,2023-04-24T10:00:00.000000,2023-04-25T15:00:00.000000
LONG,1990.0245,1999.2015000000001,4,0.0042363553145416954,40.24189715656394,True,2023-04-25T15:00:00.000000,2023-04-25T19:00:00.000000
SHORT,1999.2015000000001,1995.6535,8,0.0014057911144069735,13.410433039613054,True,2023-04-25T19:00:00.000000,2023-04-26T04:00:00.000000
LONG,1995.6535,1997.74,4,0.0007055425861715037,6.739929274690439,True,2023-04-26T04:00:00.000000,2023-04-26T08:00:00.000000
SHORT,1997.74,1988.8565,12,0.0040716269677067984,38.923007866946136,True,2023-04-26T08:00:00.000000,2023-04-26T20:00:00.000000
LONG,1988.8565,1999.1235,8,0.004757061682613584,45.660628971179904,True,2023-04-26T20:00:00.000000,2023-04-27T05:00:00.000000
SHORT,1999.1235,1989.195,12,0.004579920336855947,44.169460834506026,True,2023-04-27T05:00:00.000000,2023-04-27T17:00:00.000000
LONG,1989.195,1990.58,8,0.00028639184120526906,2.7746570316448924,True,2023-04-27T17:00:00.000000,2023-04-28T02:00:00.000000
SHORT,1990.58,1983.41,8,0.003270787159558086,31.697521998403317,True,2023-04-28T02:00:00.000000,2023-04-28T10:00:00.000000
LONG,1983.41,1992.47,4,0.004240136361860047,41.22598284787455,True,2023-04-28T10:00:00.000000,2023-04-28T14:00:00.000000
SHORT,1992.47,1983.065,24,0.00422843551581531,41.28653931331246,True,2023-04-28T14:00:00.000000,2023-05-01T15:00:00.000000
LONG,1983.065,1979.8249999999998,4,-0.001972003509421172,-19.336103741856277,False,2023-05-01T15:00:00.000000,2023-05-01T19:00:00.000000
SHORT,1979.8249999999998,1982.22,4,-0.0015490881999038475,-15.159335124737481,False,2023-05-01T19:00:00.000000,2023-05-02T00:00:00.000000
LONG,1982.22,2015.1750000000002,16,0.0162763518198219,159.03319894573178,True,2023-05-02T00:00:00.000000,2023-05-02T16:00:00.000000
SHORT,2015.1750000000002,2017.08,16,-0.0012746666554077635,-12.657244547326627,False,2023-05-02T16:00:00.000000,2023-05-03T09:00:00.000000
LONG,2017.08,2013.875,4,-0.0019205990788148108,-19.04694503130486,False,2023-05-03T09:00:00.000000,2023-05-03T13:00:00.000000
SHORT,2013.875,2023.7635,4,-0.005240578645739236,-51.87199454199617,False,2023-05-03T13:00:00.000000,2023-05-03T17:00:00.000000
LONG,2023.7635,2043.635,8,0.009468113668937184,93.22560894617163,True,2023-05-03T17:00:00.000000,2023-05-04T02:00:00.000000
SHORT,2043.635,2039.9365,8,0.0014327366044535328,14.240680001514193,True,2023-05-04T02:00:00.000000,2023-05-04T10:00:00.000000
LONG,2039.9365,2055.29,4,0.007186132099054943,71.52886792812387,True,2023-05-04T10:00:00.000000,2023-05-04T14:00:00.000000
SHORT,2055.29,2049.945,8,0.0022653694365770694,22.710930565079252,True,2023-05-04T14:00:00.000000,2023-05-04T23:00:00.000000
LONG,2049.945,2026.173,36,-0.011985825659664329,-120.43329641592936,False,2023-05-04T23:00:00.000000,2023-05-08T12:00:00.000000
SHORT,2026.173,2027.1795000000002,4,-0.0007924310238193177,-7.866893347436417,False,2023-05-08T12:00:00.000000,2023-05-08T16:00:00.000000
LONG,2027.1795000000002,2021.52,4,-0.0030773503795044066,-30.526320134014895,False,2023-05-08T16:00:00.000000,2023-05-08T20:00:00.000000
SHORT,2021.52,2026.1245,8,-0.002670889317126668,-26.412825477285878,False,2023-05-08T20:00:00.000000,2023-05-09T05:00:00.000000
LONG,2026.1245,2028.408,4,0.0008357928883619969,8.243205711296469,True,2023-05-09T05:00:00.000000,2023-05-09T09:00:00.000000
SHORT,2028.408,2035.6745,8,-0.0038904075905118463,-38.402137560500705,False,2023-05-09T09:00:00.000000,2023-05-09T17:00:00.000000
LONG,2035.6745,2013.7745,68,-0.01103363211765096,-108.48905269566967,False,2023-05-09T17:00:00.000000,2023-05-12T16:00:00.000000
SHORT,2013.7745,2010.75,4,0.0011734781823493634,11.411006677612022,True,2023-05-12T16:00:00.000000,2023-05-12T20:00:00.000000
LONG,2010.75,2017.63,4,0.0030069643088790343,29.274302055922817,True,2023-05-12T20:00:00.000000,2023-05-15T01:00:00.000000
SHORT,2017.63,2016.9650000000001,4,1.855694012409259e-05,0.18120433838521421,True,2023-05-15T01:00:00.000000,2023-05-15T05:00:00.000000
LONG,2016.9650000000001,2016.4645,4,-0.0005507063099930987,-5.37762280223069,False,2023-05-15T05:00:00.000000,2023-05-15T09:00:00.000000
SHORT,2016.4645,2016.028,12,-0.00011256759297695318,-1.0986122292670188,False,2023-05-15T09:00:00.000000,2023-05-15T22:00:00.000000
LONG,2016.028,2003.2945,16,-0.0067463519171862,-65.83413764495526,False,2023-05-15T22:00:00.000000,2023-05-16T14:00:00.000000
SHORT,2003.2945,1991.4215,12,0.005607123563544869,54.34786083709332,True,2023-05-16T14:00:00.000000,2023-05-17T03:00:00.000000
LONG,1991.4215,1983.08,16,-0.004464517351531305,-43.515620874008164,False,2023-05-17T03:00:00.000000,2023-05-17T19:00:00.000000
SHORT,1983.08,1983.5794999999998,4,-0.0005790092782103073,-5.6184036279883,False,2023-05-17T19:00:00.000000,2023-05-18T00:00:00.000000
LONG,1983.5794999999998,1967.7295,32,-0.00830521746236168,-80.54283050170852,False,2023-05-18T00:00:00.000000,2023-05-19T09:00:00.000000
SHORT,1967.7295,1969.82,36,-0.0015306294088484051,-14.720547440076189,False,2023-05-19T09:00:00.000000,2023-05-22T23:00:00.000000
LONG,1969.82,1967.4535,16,-0.0016361491705069175,-15.711279371465935,False,2023-05-22T23:00:00.000000,2023-05-23T15:00:00.000000
SHORT,1967.4535,1957.01,28,0.004908426129536236,47.056515137644965,True,2023-05-23T15:00:00.000000,2023-05-24T20:00:00.000000
LONG,1957.01,1946.0349999999999,28,-0.0060090729537468635,-57.89105531880159,False,2023-05-24T20:00:00.000000,2023-05-26T02:00:00.000000
SHORT,1946.0349999999999,1953.5235,8,-0.004193953560047037,-40.16150946697962,False,2023-05-26T02:00:00.000000,2023-05-26T10:00:00.000000
LONG,1953.5235,1945.7055,16,-0.004345673586806487,-41.439859235635595,False,2023-05-26T10:00:00.000000,2023-05-29T03:00:00.000000
SHORT,1945.7055,1944.315,4,0.00034475483685092456,3.273257128188561,True,2023-05-29T03:00:00.000000,2023-05-29T07:00:00.000000
LONG,1944.315,1945.9650000000001,8,0.0004924240437171878,4.676906674556449,True,2023-05-29T07:00:00.000000,2023-05-29T15:00:00.000000
SHORT,1945.9650000000001,1958.5715,28,-0.006866832710654136,-65.25138365898965,False,2023-05-29T15:00:00.000000,2023-05-30T23:00:00.000000
LONG,1958.5715,1956.165,8,-0.0016412503137447354,-15.488721337056631,False,2023-05-30T23:00:00.000000,2023-05-31T07:00:00.000000
SHORT,1956.165,1965.94,16,-0.0053421381078129215,-50.33180253644605,False,2023-05-31T07:00:00.000000,2023-06-01T00:00:00.000000
LONG,1965.94,1956.0484999999999,8,-0.005374118438211117,-50.36262122986227,False,2023-06-01T00:00:00.000000,2023-06-01T08:00:00.000000
SHORT,1956.0484999999999,1977.6,12,-0.011275219444216389,-105.09591882051973,False,2023-06-01T08:00:00.000000,2023-06-01T20:00:00.000000
LONG,1977.6,1951.9835,20,-0.013337028562120823,-122.91230089657984,False,2023-06-01T20:00:00.000000,2023-06-02T17:00:00.000000
SHORT,1951.9835,1944.9650000000001,8,0.003259102934352276,29.63488010515539,True,2023-06-02T17:00:00.000000,2023-06-05T02:00:00.000000
LONG,1944.9650000000001,1957.605,12,0.006138934948733299,56.00299296317826,True,2023-06-05T02:00:00.000000,2023-06-05T14:00:00.000000
SHORT,1957.605,1964.8795,32,-0.004082682645866642,-37.47328657497383,False,2023-06-05T14:00:00.000000,2023-06-07T00:00:00.000000
LONG,1964.8795,1961.69,8,-0.0019771787693100284,-18.07362986897897,False,2023-06-07T00:00:00.000000,2023-06-07T08:00:00.000000
SHORT,1961.69,1942.275,8,0.009531086448056225,86.95255074456509,True,2023-06-07T08:00:00.000000,2023-06-07T16:00:00.000000
LONG,1942.275,1966.645,20,0.012196108660764038,112.32615671692838,True,2023-06-07T16:00:00.000000,2023-06-08T13:00:00.000000
SHORT,1966.645,1963.9685,4,0.0010156293031144958,9.468027280796377,True,2023-06-08T13:00:00.000000,2023-06-08T17:00:00.000000
LONG,1963.9685,1966.185,4,0.0007813731892991616,7.291613524042987,True,2023-06-08T17:00:00.000000,2023-06-08T22:00:00.000000
SHORT,1966.185,1964.3,4,0.0005045274698951552,4.71182516107001,True,2023-06-08T22:00:00.000000,2023-06-09T02:00:00.000000
LONG,1964.3,1963.69,8,-0.0006697770707164707,-6.258261178743851,False,2023-06-09T02:00:00.000000,2023-06-09T10:00:00.000000
SHORT,1963.69,1960.06,12,0.0014994169098201393,14.000863916993694,True,2023-06-09T10:00:00.000000,2023-06-11T23:00:00.000000
LONG,1960.06,1958.5515,4,-0.0011463953897213885,-10.720562220651118,False,2023-06-11T23:00:00.000000,2023-06-12T03:00:00.000000
SHORT,1958.5515,1964.05,8,-0.0031660613727199083,-29.5736072741729,False,2023-06-12T03:00:00.000000,2023-06-12T11:00:00.000000
LONG,1964.05,1955.495,4,-0.004690498637856866,-43.67438538498027,False,2023-06-12T11:00:00.000000,2023-06-12T15:00:00.000000
SHORT,1955.495,1957.96,8,-0.0016038917678623532,-14.864181378015928,False,2023-06-12T15:00:00.000000,2023-06-13T00:00:00.000000
LONG,1957.96,1960.95,4,0.0011599540338820269,10.732714991318062,True,2023-06-13T00:00:00.000000,2023-06-13T04:00:00.000000
SHORT,1960.95,1943.8000000000002,16,0.008439952799131012,78.18299527885029,True,2023-06-13T04:00:00.000000,2023-06-13T20:00:00.000000
LONG,1943.8000000000002,1956.1315,16,0.005934008229405707,55.43326697154953,True,2023-06-13T20:00:00.000000,2023-06-14T13:00:00.000000
SHORT,1956.1315,1953.63,4,0.0009359516847602389,8.795190520813776,True,2023-06-14T13:00:00.000000,2023-06-14T17:00:00.000000
LONG,1953.63,1944.1080000000002,4,-0.005220383230775338,-49.10214852797981,False,2023-06-14T17:00:00.000000,2023-06-14T22:00:00.000000
SHORT,1944.1080000000002,1935.3049999999998,4,0.004050167934213977,37.896405482862974,True,2023-06-14T22:00:00.000000,2023-06-15T02:00:00.000000
LONG,1935.3049999999998,1953.1100000000001,12,0.008833401231628457,82.98667385398767,True,2023-06-15T02:00:00.000000,2023-06-15T14:00:00.000000
SHORT,1953.1100000000001,1958.29,8,-0.0029914470221280576,-28.351834788340057,False,2023-06-15T14:00:00.000000,2023-06-15T23:00:00.000000
LONG,1958.29,1956.355,16,-0.0013613450625993284,-12.863731246216048,False,2023-06-15T23:00:00.000000,2023-06-16T15:00:00.000000
SHORT,1956.355,1955.4465,4,0.0001307025509649229,1.233363733315855,True,2023-06-16T15:00:00.000000,2023-06-16T19:00:00.000000
LONG,1955.4465,1957.0565,8,0.0004776078929193961,4.507496156145862,True,2023-06-16T19:00:00.000000,2023-06-19T04:00:00.000000
SHORT,1957.0565,1956.475,4,-6.739720641268931e-05,-0.6363750413529488,False,2023-06-19T04:00:00.000000,2023-06-19T08:00:00.000000
LONG,1956.475,1952.175,4,-0.0025408985060801914,-23.989947047617534,False,2023-06-19T08:00:00.000000,2023-06-19T12:00:00.000000
SHORT,1952.175,1950.28,4,0.0006262334984259432,5.897573527154236,True,2023-06-19T12:00:00.000000,2023-06-19T16:00:00.000000
LONG,1950.28,1951.4485,16,0.000224620046322066,2.1166910138072126,True,2023-06-19T16:00:00.000000,2023-06-20T11:00:00.000000
SHORT,1951.4485,1936.205,8,0.007469601958908889,70.40507307138432,True,2023-06-20T11:00:00.000000,2023-06-20T19:00:00.000000
LONG,1936.205,1929.92,16,-0.0035839090842771926,-34.03262349427314,False,2023-06-20T19:00:00.000000,2023-06-21T12:00:00.000000
SHORT,1929.92,1916.5735,28,0.006575733543675799,62.219051196425426,True,2023-06-21T12:00:00.000000,2023-06-22T17:00:00.000000
LONG,1916.5735,1927.03,20,0.005115331318288785,48.719116239188224,True,2023-06-22T17:00:00.000000,2023-06-23T14:00:00.000000
SHORT,1927.03,1920.5900000000001,4,0.002999719170286186,28.715879984820276,True,2023-06-23T14:00:00.000000,2023-06-23T18:00:00.000000
LONG,1920.5900000000001,1925.56,8,0.0022374294163653996,21.48283961169909,True,2023-06-23T18:00:00.000000,2023-06-26T03:00:00.000000
SHORT,1925.56,1922.8085,20,0.0010306386024439007,9.9178917798763,True,2023-06-26T03:00:00.000000,2023-06-27T00:00:00.000000
LONG,1922.8085,1926.3029999999999,12,0.0014610811640467514,14.074554995646395,True,2023-06-27T00:00:00.000000,2023-06-27T12:00:00.000000
SHORT,1926.3029999999999,1914.0349999999999,8,0.006024189862293472,58.11564439788708,True,2023-06-27T12:00:00.000000,2023-06-27T20:00:00.000000
LONG,1914.0349999999999,1911.775,20,-0.0015607760583886687,-15.147585928074477,False,2023-06-27T20:00:00.000000,2023-06-28T17:00:00.000000
SHORT,1911.775,1904.7035,12,0.0033605281903787976,32.56356969487024,True,2023-06-28T17:00:00.000000,2023-06-29T06:00:00.000000
LONG,1904.7035,1909.9,4,0.0023745990460051214,23.087226589253987,True,2023-06-29T06:00:00.000000,2023-06-29T10:00:00.000000
SHORT,1909.9,1908.8235,12,0.00012860649065071783,1.2533559200601303,True,2023-06-29T10:00:00.000000,2023-06-29T23:00:00.000000
LONG,1908.8235,1919.09,16,0.00494790057152783,48.22678849607473,True,2023-06-29T23:00:00.000000,2023-06-30T15:00:00.000000
SHORT,1919.09,1922.0035,24,-0.0019118069683109473,-18.726428903461056,False,2023-06-30T15:00:00.000000,2023-07-03T16:00:00.000000
LONG,1922.0035,1929.7415,16,0.003688348165084676,36.058840199080805,True,2023-07-03T16:00:00.000000,2023-07-04T09:00:00.000000
SHORT,1929.7415,1925.4745,8,0.0018645178011014174,18.295541182835223,True,2023-07-04T09:00:00.000000,2023-07-04T17:00:00.000000
LONG,1925.4745,1927.07,12,0.0004444016782485516,4.368812565009648,True,2023-07-04T17:00:00.000000,2023-07-05T08:00:00.000000
SHORT,1927.07,1921.6135,8,0.002479060472707628,24.381914353078173,True,2023-07-05T08:00:00.000000,2023-07-05T16:00:00.000000
LONG,1921.6135,1919.6035,8,-0.0013885247154434843,-13.69019408119675,False,2023-07-05T16:00:00.000000,2023-07-06T01:00:00.000000
SHORT,1919.6035,1920.22,4,-0.000682493250836802,-6.719715772516793,False,2023-07-06T01:00:00.000000,2023-07-06T05:00:00.000000
LONG,1920.22,1910.88,8,-0.005219247856414144,-51.35278010330694,False,2023-07-06T05:00:00.000000,2023-07-06T13:00:00.000000
SHORT,1910.88,1910.895,4,-0.0003738874710003115,-3.6595216796649765,False,2023-07-06T13:00:00.000000,2023-07-06T17:00:00.000000
LONG,1910.895,1933.76,20,0.01161249999604097,113.61789305725688,True,2023-07-06T17:00:00.000000,2023-07-07T14:00:00.000000
SHORT,1933.76,1926.3865,4,0.003447907086880253,34.126421122917236,True,2023-07-07T14:00:00.000000,2023-07-07T18:00:00.000000
LONG,1926.3865,1924.9165,12,-0.001111272004192032,-11.03698358388283,False,2023-07-07T18:00:00.000000,2023-07-10T07:00:00.000000
SHORT,1924.9165,1932.0,36,-0.004102785593186331,-40.70295664018158,False,2023-07-10T07:00:00.000000,2023-07-11T20:00:00.000000
LONG,1932.0,1956.095,16,0.012079357515041744,119.34534614524091,True,2023-07-11T20:00:00.000000,2023-07-12T13:00:00.000000
SHORT,1956.095,1960.1599999999999,12,-0.0024162450120792656,-24.161127136016148,False,2023-07-12T13:00:00.000000,2023-07-13T02:00:00.000000
LONG,1960.1599999999999,1962.8885,4,0.001049944252944801,10.47349980900617,True,2023-07-13T02:00:00.000000,2023-07-13T06:00:00.000000
SHORT,1962.8885,1960.63,4,0.0008105300371374913,8.093762342690752,True,2023-07-13T06:00:00.000000,2023-07-13T10:00:00.000000
LONG,1960.63,1960.9099999999999,4,-0.00018001182191873522,-1.7990126941349445,False,2023-07-13T10:00:00.000000,2023-07-13T14:00:00.000000
SHORT,1960.9099999999999,1959.9635,4,0.00013364238569613107,1.3353626809312118,True,2023-07-13T14:00:00.000000,2023-07-13T18:00:00.000000
LONG,1959.9635,1954.4185,24,-0.0031605236374383505,-31.584360949807888,False,2023-07-13T18:00:00.000000,2023-07-14T19:00:00.000000
SHORT,1954.4185,1948.68,16,0.002566628011152039,25.56826209321298,True,2023-07-14T19:00:00.000000,2023-07-17T12:00:00.000000
LONG,1948.68,1954.6065,4,0.002688848323644022,26.854546874754305,True,2023-07-17T12:00:00.000000,2023-07-17T16:00:00.000000
SHORT,1954.6065,1955.1599999999999,4,-0.0006177403726097541,-6.186196269143693,False,2023-07-17T16:00:00.000000,2023-07-17T20:00:00.000000
LONG,1955.1599999999999,1957.255,4,0.0006860066290073075,6.865586722098669,True,2023-07-17T20:00:00.000000,2023-07-18T01:00:00.000000
SHORT,1957.255,1959.3,4,-0.0013916517092419367,-13.93727049649533,False,2023-07-18T01:00:00.000000,2023-07-18T05:00:00.000000
LONG,1959.3,1963.0165,4,0.001563847220107828,15.639997758229583,True,2023-07-18T05:00:00.000000,2023-07-18T09:00:00.000000
SHORT,1963.0165,1968.7350000000001,52,-0.0033473908589405355,-33.529527206494095,False,2023-07-18T09:00:00.000000,2023-07-20T15:00:00.000000
LONG,1968.7350000000001,1961.54,16,-0.003983329182737139,-39.76591774188455,False,2023-07-20T15:00:00.000000,2023-07-21T08:00:00.000000
SHORT,1961.54,1963.095,4,-0.001127504077369279,-11.211133919570784,False,2023-07-21T08:00:00.000000,2023-07-21T12:00:00.000000
LONG,1963.095,1961.54,12,-0.0011297106834401438,-11.22040957223544,False,2023-07-21T12:00:00.000000,2023-07-24T01:00:00.000000
SHORT,1961.54,1959.1265,16,0.0008502397173790754,8.435133455463074,True,2023-07-24T01:00:00.000000,2023-07-24T17:00:00.000000
LONG,1959.1265,1962.2115,8,0.0012382470105245513,12.294955336346902,True,2023-07-24T17:00:00.000000,2023-07-25T02:00:00.000000
SHORT,1962.2115,1959.2865,8,0.0011351386338340763,11.285115371116262,True,2023-07-25T02:00:00.000000,2023-07-25T10:00:00.000000
LONG,1959.2865,1961.7645,4,0.0009232346008185566,9.188865101181364,True,2023-07-25T10:00:00.000000,2023-07-25T14:00:00.000000
SHORT,1961.7645,1965.405,8,-0.002198259594054619,-21.899265621730592,False,2023-07-25T14:00:00.000000,2023-07-25T23:00:00.000000
LONG,1965.405,1972.2085000000002,12,0.0030777959795191823,30.593887061879286,True,2023-07-25T23:00:00.000000,2023-07-26T11:00:00.000000
SHORT,1972.2085000000002,1972.545,12,-0.000538161936451953,-5.365898155838295,False,2023-07-26T11:00:00.000000,2023-07-27T00:00:00.000000
LONG,1972.545,1975.9735,8,0.0013889182214492646,13.84115525206471,True,2023-07-27T00:00:00.000000,2023-07-27T08:00:00.000000
SHORT,1975.9735,1944.35,8,0.015776208828879534,157.43492872571733,True,2023-07-27T08:00:00.000000,2023-07-27T16:00:00.000000
LONG,1944.35,1956.0195,20,0.00564926518176212,57.26489168728949,True,2023-07-27T16:00:00.000000,2023-07-28T13:00:00.000000
SHORT,1956.0195,1959.6950000000002,4,-0.002249208360822874,-22.92834521932673,False,2023-07-28T13:00:00.000000,2023-07-28T17:00:00.000000
LONG,1959.6950000000002,1960.1599999999999,4,-9.544251163084994e-05,-0.9707490258588223,False,2023-07-28T17:00:00.000000,2023-07-30T22:00:00.000000
SHORT,1960.1599999999999,1962.21,28,-0.0015316998550428673,-15.577484327308412,False,2023-07-30T22:00:00.000000,2023-08-01T03:00:00.000000
LONG,1962.21,1955.6105,4,-0.003710131821878848,-37.67448058390801,False,2023-08-01T03:00:00.000000,2023-08-01T07:00:00.000000
SHORT,1955.6105,1953.6785,4,0.0006496116798091478,6.571998739927949,True,2023-08-01T07:00:00.000000,2023-08-01T11:00:00.000000
LONG,1953.6785,1949.9335,20,-0.0022504039279817034,-22.781701391068054,False,2023-08-01T11:00:00.000000,2023-08-02T08:00:00.000000
SHORT,1949.9335,1935.75,8,0.006953381259091618,70.23333339253804,True,2023-08-02T08:00:00.000000,2023-08-02T16:00:00.000000
LONG,1935.75,1932.4535,20,-0.0020289470371315232,-20.636085263651694,False,2023-08-02T16:00:00.000000,2023-08-03T13:00:00.000000
SHORT,1932.4535,1932.8784999999998,20,-0.00058804983938332,-5.968822761888077,False,2023-08-03T13:00:00.000000,2023-08-04T10:00:00.000000
LONG,1932.8784999999998,1939.09,4,0.0028861194496565545,29.277459379412903,True,2023-08-04T10:00:00.000000,2023-08-04T14:00:00.000000
SHORT,1939.09,1941.3835,4,-0.001521639670514885,-15.480412472368698,False,2023-08-04T14:00:00.000000,2023-08-04T18:00:00.000000
LONG,1941.3835,1943.9335,4,0.0009853880914920676,10.009598842269043,True,2023-08-04T18:00:00.000000,2023-08-06T23:00:00.000000
SHORT,1943.9335,1936.26,12,0.003573180515721086,36.332230270505534,True,2023-08-06T23:00:00.000000,2023-08-07T11:00:00.000000
LONG,1936.26,1935.18,20,-0.0008688309803684957,-8.865871776850327,False,2023-08-07T11:00:00.000000,2023-08-08T08:00:00.000000
SHORT,1935.18,1925.42,8,0.00472590729345157,48.18300180285769,True,2023-08-08T08:00:00.000000,2023-08-08T16:00:00.000000
LONG,1925.42,1927.705,8,0.0008581022171074704,8.790129635863195,True,2023-08-08T16:00:00.000000,2023-08-09T01:00:00.000000
SHORT,1927.705,1926.245,8,0.0004113936900167481,4.21780397139446,True,2023-08-09T01:00:00.000000,2023-08-09T09:00:00.000000
LONG,1926.245,1922.9099999999999,4,-0.0020570164466694463,-21.098188032961843,False,2023-08-09T09:00:00.000000,2023-08-09T13:00:00.000000
SHORT,1922.9099999999999,1916.4585000000002,4,0.0030230490042670866,30.942707413689277,True,2023-08-09T13:00:00.000000,2023-08-09T17:00:00.000000
LONG,1916.4585000000002,1912.44,56,-0.0024337179932807373,-24.98585927073509,False,2023-08-09T17:00:00.000000,2023-08-14T04:00:00.000000
SHORT,1912.44,1914.3,4,-0.001318193276737989,-13.500345723101418,False,2023-08-14T04:00:00.000000,2023-08-14T08:00:00.000000
LONG,1914.3,1910.4,4,-0.002358091783372762,-24.118685877720054,False,2023-08-14T08:00:00.000000,2023-08-14T12:00:00.000000
SHORT,1910.4,1907.1599999999999,8,0.0013405439540381536,13.678821393972612,True,2023-08-14T12:00:00.000000,2023-08-14T20:00:00.000000
LONG,1907.1599999999999,1906.16,4,-0.000926870364854171,-9.470402083181398,False,2023-08-14T20:00:00.000000,2023-08-15T01:00:00.000000
SHORT,1906.16,1905.2635,4,0.00012056686318717702,1.2307636531622848,True,2023-08-15T01:00:00.000000,2023-08-15T05:00:00.000000
LONG,1905.2635,1903.8449999999998,8,-0.0010881641700820621,-11.109473579515907,False,2023-08-15T05:00:00.000000,2023-08-15T13:00:00.000000
SHORT,1903.8449999999998,1905.58,16,-0.0012706773335352528,-12.958701933002885,False,2023-08-15T13:00:00.000000,2023-08-16T06:00:00.000000
LONG,1905.58,1896.5349999999999,24,-0.00509198078447326,-51.86337496182932,False,2023-08-16T06:00:00.000000,2023-08-17T07:00:00.000000
SHORT,1896.5349999999999,1898.885,4,-0.00157038752512062,-15.913429579826698,False,2023-08-17T07:00:00.000000,2023-08-17T11:00:00.000000
LONG,1898.885,1885.53,36,-0.007363978412455063,-74.50525577368717,False,2023-08-17T11:00:00.000000,2023-08-21T01:00:00.000000
SHORT,1885.53,1889.54,8,-0.002493754927884062,-25.044836780043624,False,2023-08-21T01:00:00.000000,2023-08-21T09:00:00.000000
LONG,1889.54,1890.105,4,-2.4692410047211233e-05,-0.24736801160906907,False,2023-08-21T09:00:00.000000,2023-08-21T13:00:00.000000
SHORT,1890.105,1895.095,8,-0.002978787557370133,-29.84069027262376,False,2023-08-21T13:00:00.000000,2023-08-21T22:00:00.000000
LONG,1895.095,1894.54,4,-0.0007256531469904681,-7.247743503192396,False,2023-08-21T22:00:00.000000,2023-08-22T02:00:00.000000
SHORT,1894.54,1897.2935,16,-0.0018394102256712452,-18.35849464691455,False,2023-08-22T02:00:00.000000,2023-08-22T18:00:00.000000
LONG,1897.2935,1903.68,12,0.003033341433386516,30.21900682224077,True,2023-08-22T18:00:00.000000,2023-08-23T07:00:00.000000
SHORT,1903.68,1921.1385,20,-0.009479453344864108,-94.72345978227713,False,2023-08-23T07:00:00.000000,2023-08-24T04:00:00.000000
LONG,1921.1385,1915.24,8,-0.003416929195805163,-33.82000964811232,False,2023-08-24T04:00:00.000000,2023-08-24T12:00:00.000000
SHORT,1915.24,1918.3665,4,-0.001986113855856564,-19.590945397290852,False,2023-08-24T12:00:00.000000,2023-08-24T16:00:00.000000
LONG,1918.3665,1925.5149999999999,56,0.0033812394789269895,33.28616549215258,True,2023-08-24T16:00:00.000000,2023-08-29T03:00:00.000000
SHORT,1925.5149999999999,1917.24,8,0.003959436654944248,39.109945693073314,True,2023-08-29T03:00:00.000000,2023-08-29T11:00:00.000000
LONG,1917.24,1936.76,4,0.009859690357863604,97.77622280436299,True,2023-08-29T11:00:00.000000,2023-08-29T15:00:00.000000
SHORT,1936.76,1936.1100000000001,12,8.105839631511458e-06,0.08117625736849732,True,2023-08-29T15:00:00.000000,2023-08-30T04:00:00.000000
LONG,1936.1100000000001,1943.815,32,0.0036424350286661245,36.47760793510679,True,2023-08-30T04:00:00.000000,2023-08-31T13:00:00.000000
SHORT,1943.815,1940.53,4,0.001355352935507259,13.622786600890322,True,2023-08-31T13:00:00.000000,2023-08-31T17:00:00.000000
LONG,1940.53,1945.0,32,0.001974213877812492,19.869913523807554,True,2023-08-31T17:00:00.000000,2023-09-04T03:00:00.000000
SHORT,1945.0,1943.8515,4,0.0002534965961822344,2.5564096822436113,True,2023-09-04T03:00:00.000000,2023-09-04T07:00:00.000000
LONG,1943.8515,1916.82,52,-0.014218161084142977,-143.42069739896033,False,2023-09-04T07:00:00.000000,2023-09-06T15:00:00.000000
SHORT,1916.82,1916.7885,4,-0.00030846552408803074,-3.067297102716111,False,2023-09-06T15:00:00.000000,2023-09-06T19:00:00.000000
LONG,1916.7885,1928.6950000000002,40,0.005908974142337264,58.73910386757234,True,2023-09-06T19:00:00.000000,2023-09-08T13:00:00.000000
SHORT,1928.6950000000002,1920.4965,4,0.003932383445435006,39.32147214574616,True,2023-09-08T13:00:00.000000,2023-09-08T17:00:00.000000
LONG,1920.4965,1927.94,12,0.0034872248448225562,35.00727637524324,True,2023-09-08T17:00:00.000000,2023-09-11T06:00:00.000000
SHORT,1927.94,1925.84,4,0.0007545541472897543,7.601173253528032,True,2023-09-11T06:00:00.000000,2023-09-11T10:00:00.000000
LONG,1925.84,1922.6399999999999,4,-0.0019753316673341015,-19.91396879736567,False,2023-09-11T10:00:00.000000,2023-09-11T14:00:00.000000
SHORT,1922.6399999999999,1921.9235,4,4.659763789360838e-05,0.4688381831638253,True,2023-09-11T14:00:00.000000,2023-09-11T18:00:00.000000
LONG,1921.9235,1921.7085000000002,4,-0.00043058406365759083,-4.332486926241472,False,2023-09-11T18:00:00.000000,2023-09-11T23:00:00.000000
SHORT,1921.7085000000002,1923.79,4,-0.0014730594090007765,-14.815370974978578,False,2023-09-11T23:00:00.000000,2023-09-12T03:00:00.000000
LONG,1923.79,1919.0365,4,-0.002808767875830731,-28.20771482751661,False,2023-09-12T03:00:00.000000,2023-09-12T07:00:00.000000
SHORT,1919.0365,1912.54,8,0.0030581149872721536,30.62557965479573,True,2023-09-12T07:00:00.000000,2023-09-12T15:00:00.000000
LONG,1912.54,1912.35,20,-0.0004134615420045007,-4.15328488983323,False,2023-09-12T15:00:00.000000,2023-09-13T12:00:00.000000
SHORT,1912.35,1908.29,8,0.001778268501967828,17.85559541742259,True,2023-09-13T12:00:00.000000,2023-09-13T20:00:00.000000
LONG,1908.29,1911.135,4,0.0011109635262047668,11.175022549741698,True,2023-09-13T20:00:00.000000,2023-09-14T01:00:00.000000
SHORT,1911.135,1906.38,8,0.0021568405268699298,21.719451828552337,True,2023-09-14T01:00:00.000000,2023-09-14T09:00:00.000000
LONG,1906.38,1903.2,4,-0.001962395723869137,-19.80400871632446,False,2023-09-14T09:00:00.000000,2023-09-14T13:00:00.000000
SHORT,1903.2,1908.7665,4,-0.003264620188231482,-32.88108099606143,False,2023-09-14T13:00:00.000000,2023-09-14T17:00:00.000000
LONG,1908.7665,1915.58,8,0.0032425631411563405,32.5523046091439,True,2023-09-14T17:00:00.000000,2023-09-15T02:00:00.000000
SHORT,1915.58,1917.18,8,-0.0011702787958804972,-11.786601062707632,False,2023-09-15T02:00:00.000000,2023-09-15T10:00:00.000000
LONG,1917.18,1928.565,4,0.005614464709723377,56.48056874498616,True,2023-09-15T10:00:00.000000,2023-09-15T14:00:00.000000
SHORT,1928.565,1924.09,4,0.0020030042791059355,20.2630162919977,True,2023-09-15T14:00:00.000000,2023-09-15T18:00:00.000000
LONG,1924.09,1928.8615,8,0.0021732043142048685,22.028848629606728,True,2023-09-15T18:00:00.000000,2023-09-18T03:00:00.000000
SHORT,1928.8615,1926.85,8,0.0007114140111326162,7.226973146929595,True,2023-09-18T03:00:00.000000,2023-09-18T11:00:00.000000
LONG,1926.85,1929.02,4,0.0008138198098075478,8.273154546486694,True,2023-09-18T11:00:00.000000,2023-09-18T15:00:00.000000
SHORT,1929.02,1933.79,16,-0.002793508496608199,-28.421446042504613,False,2023-09-18T15:00:00.000000,2023-09-19T08:00:00.000000
LONG,1933.79,1930.9365,8,-0.001785954876004081,-18.119731274382502,False,2023-09-19T08:00:00.000000,2023-09-19T16:00:00.000000
SHORT,1930.9365,1931.3000000000002,4,-0.0004966488606970021,-5.029842550524336,False,2023-09-19T16:00:00.000000,2023-09-19T20:00:00.000000
LONG,1931.3000000000002,1930.0935,4,-0.000986038104010989,-9.981203253331842,False,2023-09-19T20:00:00.000000,2023-09-20T01:00:00.000000
SHORT,1930.0935,1931.23,4,-0.0009141445114569935,-9.244333727589037,False,2023-09-20T01:00:00.000000,2023-09-20T05:00:00.000000
LONG,1931.23,1946.2815,12,0.007467201885306363,75.44343658281105,True,2023-09-20T05:00:00.000000,2023-09-20T17:00:00.000000
SHORT,1946.2815,1931.1785,4,0.007462646331191758,75.96041810412316,True,2023-09-20T17:00:00.000000,2023-09-20T22:00:00.000000
LONG,1931.1785,1928.06,32,-0.002012325012788696,-20.63581209624681,False,2023-09-20T22:00:00.000000,2023-09-22T07:00:00.000000
SHORT,1928.06,1925.5265,4,0.0009753699213599365,9.982009427252706,True,2023-09-22T07:00:00.000000,2023-09-22T11:00:00.000000
LONG,1925.5265,1924.95,12,-0.0006076422386767089,-6.224722045404633,False,2023-09-22T11:00:00.000000,2023-09-25T00:00:00.000000
SHORT,1924.95,1923.2,4,0.0005798318078080733,5.936221100055263,True,2023-09-25T00:00:00.000000,2023-09-25T04:00:00.000000
LONG,1923.2,1921.74,4,-0.0010872345627355173,-11.137379731660985,False,2023-09-25T04:00:00.000000,2023-09-25T08:00:00.000000
SHORT,1921.74,1925.95,4,-0.00250562934356946,-25.639182100801918,False,2023-09-25T08:00:00.000000,2023-09-25T12:00:00.000000
LONG,1925.95,1916.7849999999999,4,-0.005063303253761031,-51.68109812659168,False,2023-09-25T12:00:00.000000,2023-09-25T16:00:00.000000
SHORT,1916.7849999999999,1915.9685,4,0.0001289149045691218,1.3091709949021606,True,2023-09-25T16:00:00.000000,2023-09-25T20:00:00.000000
LONG,1915.9685,1906.87,16,-0.00507731269577727,-51.56833837046361,False,2023-09-25T20:00:00.000000,2023-09-26T13:00:00.000000
SHORT,1906.87,1901.0735,4,0.002707816679782704,27.36262887846351,True,2023-09-26T13:00:00.000000,2023-09-26T17:00:00.000000
LONG,1901.0735,1864.8600000000001,44,-0.01936608643088822,-196.22522119542555,False,2023-09-26T17:00:00.000000,2023-09-28T15:00:00.000000
SHORT,1864.8600000000001,1867.23,4,-0.0015883272880691246,-15.781921082301778,False,2023-09-28T15:00:00.000000,2023-09-28T19:00:00.000000
LONG,1867.23,1873.9450000000002,16,0.003274422671910582,32.48360782090276,True,2023-09-28T19:00:00.000000,2023-09-29T12:00:00.000000
SHORT,1873.9450000000002,1848.63,8,0.013295170725827976,132.3253888827785,True,2023-09-29T12:00:00.000000,2023-09-29T20:00:00.000000
LONG,1848.63,1833.9295,16,-0.008350458960378115,-84.21618796256735,False,2023-09-29T20:00:00.000000,2023-10-02T13:00:00.000000
SHORT,1833.9295,1817.48,12,0.00866509887689726,86.65965809996851,True,2023-10-02T13:00:00.000000,2023-10-03T02:00:00.000000
LONG,1817.48,1826.5185000000001,12,0.004622431453420672,46.62951755264476,True,2023-10-03T02:00:00.000000,2023-10-03T14:00:00.000000
SHORT,1826.5185000000001,1823.4,8,0.0013458903271212908,13.639642431107859,True,2023-10-03T14:00:00.000000,2023-10-03T23:00:00.000000
LONG,1823.4,1820.82,4,-0.0018005393095730238,-18.27174562710934,False,2023-10-03T23:00:00.000000,2023-10-04T03:00:00.000000
SHORT,1820.82,1823.8899999999999,12,-0.002071395991226521,-20.982532064075713,False,2023-10-04T03:00:00.000000,2023-10-04T15:00:00.000000
LONG,1823.8899999999999,1823.3565,4,-0.0006414685288261834,-6.484396899108106,False,2023-10-04T15:00:00.000000,2023-10-04T19:00:00.000000
SHORT,1823.3565,1825.71,4,-0.0016352984993102115,-16.520097180096855,False,2023-10-04T19:00:00.000000,2023-10-05T00:00:00.000000
LONG,1825.71,1822.8600000000001,24,-0.0019138377173898435,-19.30233667452012,False,2023-10-05T00:00:00.000000,2023-10-06T01:00:00.000000
SHORT,1822.8600000000001,1821.4735,4,0.0004103402502364517,4.130636045360006,True,2023-10-06T01:00:00.000000,2023-10-06T05:00:00.000000
LONG,1821.4735,1821.335,8,-0.0004167989354432189,-4.197373193432213,False,2023-10-06T05:00:00.000000,2023-10-06T13:00:00.000000
SHORT,1821.335,1831.8265000000001,4,-0.006115852560286128,-61.564015562260465,False,2023-10-06T13:00:00.000000,2023-10-06T17:00:00.000000
LONG,1831.8265000000001,1849.8915,4,0.009502884996914318,95.07386936737203,True,2023-10-06T17:00:00.000000,2023-10-08T22:00:00.000000
SHORT,1849.8915,1857.22,36,-0.004573828297939064,-46.19480279504569,False,2023-10-08T22:00:00.000000,2023-10-10T11:00:00.000000
LONG,1857.22,1861.35,4,0.0019127023882286043,19.229576312665813,True,2023-10-10T11:00:00.000000,2023-10-10T15:00:00.000000
SHORT,1861.35,1861.0,8,-0.00014594764004727256,-1.4701081151360995,False,2023-10-10T15:00:00.000000,2023-10-11T00:00:00.000000
LONG,1861.0,1872.94,12,0.006055750001580318,60.989735107456,True,2023-10-11T00:00:00.000000,2023-10-11T12:00:00.000000
SHORT,1872.94,1874.3000000000002,8,-0.0010739002647077722,-10.881150223685836,False,2023-10-11T12:00:00.000000,2023-10-11T20:00:00.000000
LONG,1874.3000000000002,1873.9250000000002,16,-0.0005788321182852441,-5.858640350945279,False,2023-10-11T20:00:00.000000,2023-10-12T13:00:00.000000
SHORT,1873.9250000000002,1869.06,4,0.002258861447482552,22.84979741832649,True,2023-10-12T13:00:00.000000,2023-10-12T17:00:00.000000
LONG,1869.06,1920.85,20,0.02735780250921982,277.36641654861523,True,2023-10-12T17:00:00.000000,2023-10-13T14:00:00.000000
SHORT,1920.85,1920.12,12,4.464601018216996e-06,0.04650257941830205,True,2023-10-13T14:00:00.000000,2023-10-16T03:00:00.000000
LONG,1920.12,1921.55,12,0.0004103908286410274,4.274585170489445,True,2023-10-16T03:00:00.000000,2023-10-16T15:00:00.000000
SHORT,1921.55,1916.62,8,0.002246017714091275,23.403871190123027,True,2023-10-16T15:00:00.000000,2023-10-17T00:00:00.000000
LONG,1916.62,1926.1185,12,0.004594538678969862,47.983372976101236,True,2023-10-17T00:00:00.000000,2023-10-17T12:00:00.000000
SHORT,1926.1185,1923.15,8,0.0011420067090386343,11.981421025555392,True,2023-10-17T12:00:00.000000,2023-10-17T20:00:00.000000
LONG,1923.15,1939.07,4,0.007895307893000636,82.92861824773536,True,2023-10-17T20:00:00.000000,2023-10-18T01:00:00.000000
SHORT,1939.07,1949.68,24,-0.005859717928759833,-62.03367245136724,False,2023-10-18T01:00:00.000000,2023-10-19T02:00:00.000000
LONG,1949.68,1950.395,12,4.007704782305055e-05,0.4217879576699488,True,2023-10-19T02:00:00.000000,2023-10-19T14:00:00.000000
SHORT,1950.395,1991.645,24,-0.021130093452754184,-222.39103502875514,False,2023-10-19T14:00:00.000000,2023-10-20T15:00:00.000000
LONG,1991.645,1979.77,4,-0.0062819779603880965,-64.71981151993896,False,2023-10-20T15:00:00.000000,2023-10-20T19:00:00.000000
SHORT,1979.77,1966.3249999999998,4,0.006491978682502397,66.46317541672579,True,2023-10-20T19:00:00.000000,2023-10-23T00:00:00.000000
LONG,1966.3249999999998,1981.4965,8,0.007399249739329816,76.24335622415492,True,2023-10-23T00:00:00.000000,2023-10-23T08:00:00.000000
SHORT,1981.4965,1972.775,12,0.00409028754819496,42.45900210754371,True,2023-10-23T08:00:00.000000,2023-10-23T20:00:00.000000
LONG,1972.775,1976.63,4,0.0015892251302060956,16.56433987393939,True,2023-10-23T20:00:00.000000,2023-10-24T01:00:00.000000
SHORT,1976.63,1976.56,4,-0.0002874472509463155,-3.0007962780182424,False,2023-10-24T01:00:00.000000,2023-10-24T05:00:00.000000
LONG,1976.56,1966.6585,4,-0.005326446785272498,-55.58928533527251,False,2023-10-24T05:00:00.000000,2023-10-24T09:00:00.000000
SHORT,1966.6585,1987.255,40,-0.010787076611609048,-111.97932165156453,False,2023-10-24T09:00:00.000000,2023-10-26T03:00:00.000000
LONG,1987.255,1990.1555,4,0.0011390876410144468,11.697175082399554,True,2023-10-26T03:00:00.000000,2023-10-26T07:00:00.000000
SHORT,1990.1555,1984.68,4,0.0024362987104062928,25.046601374175225,True,2023-10-26T07:00:00.000000,2023-10-26T11:00:00.000000
LONG,1984.68,1980.28,4,-0.00253632827596606,-26.13849127143476,False,2023-10-26T11:00:00.000000,2023-10-26T15:00:00.000000
SHORT,1980.28,1984.42,4,-0.0024237163173068677,-24.914600449890713,False,2023-10-26T15:00:00.000000,2023-10-26T19:00:00.000000
LONG,1984.42,1980.495,16,-0.0022914281273522796,-23.497653517453728,False,2023-10-26T19:00:00.000000,2023-10-27T12:00:00.000000
SHORT,1980.495,1983.7350000000001,4,-0.001979862355810269,-20.256152484784252,False,2023-10-27T12:00:00.000000,2023-10-27T16:00:00.000000
LONG,1983.7350000000001,2006.4499999999998,4,0.011135561633220936,113.70338389278004,True,2023-10-27T16:00:00.000000,2023-10-27T20:00:00.000000
SHORT,2006.4499999999998,1996.68,12,0.00448082347172396,46.26243449811409,True,2023-10-27T20:00:00.000000,2023-10-30T09:00:00.000000
LONG,1996.68,1998.6084999999998,4,0.0006492219467548743,6.732951579722794,True,2023-10-30T09:00:00.000000,2023-10-30T13:00:00.000000
SHORT,1998.6084999999998,1995.1685,8,0.001392761906490847,14.453433896194838,True,2023-10-30T13:00:00.000000,2023-10-30T22:00:00.000000
LONG,1995.1685,2000.06,12,0.0020092038823658065,20.879621292371667,True,2023-10-30T22:00:00.000000,2023-10-31T10:00:00.000000
SHORT,2000.06,1999.165,4,0.00011238088548171099,1.170207208582724,True,2023-10-31T10:00:00.000000,2023-10-31T14:00:00.000000
LONG,1999.165,1984.58,4,-0.007619522420232672,-79.34998962738064,False,2023-10-31T14:00:00.000000,2023-10-31T18:00:00.000000
SHORT,1984.58,1983.81,4,6.753339448550832e-05,0.6979365055758535,True,2023-10-31T18:00:00.000000,2023-10-31T23:00:00.000000
LONG,1983.81,1978.5865,20,-0.0030026416415696033,-31.033457704210377,False,2023-10-31T23:00:00.000000,2023-11-01T19:00:00.000000
SHORT,1978.5865,1984.75,4,-0.0034425224465285398,-35.472961849938656,False,2023-11-01T19:00:00.000000,2023-11-02T00:00:00.000000
LONG,1984.75,1986.8600000000001,8,0.0007420423691830713,7.619943070152658,True,2023-11-02T00:00:00.000000,2023-11-02T08:00:00.000000
SHORT,1986.8600000000001,1985.755,12,0.00022300697926325164,2.2917309170152294,True,2023-11-02T08:00:00.000000,2023-11-02T20:00:00.000000
LONG,1985.755,1995.435,16,0.0045309665237796,46.572855033015,True,2023-11-02T20:00:00.000000,2023-11-03T13:00:00.000000
SHORT,1995.435,1993.13,4,0.0008162557974442652,8.42813758623197,True,2023-11-03T13:00:00.000000,2023-11-03T17:00:00.000000
LONG,1993.13,1988.595,4,-0.002584218363150703,-26.704773378345635,False,2023-11-03T17:00:00.000000,2023-11-05T23:00:00.000000
SHORT,1988.595,1983.5,8,0.002182219692848486,22.492327312440466,True,2023-11-05T23:00:00.000000,2023-11-06T07:00:00.000000
LONG,1983.5,1969.0014999999999,36,-0.007626927408525996,-78.78294849254962,False,2023-11-06T07:00:00.000000,2023-11-07T20:00:00.000000
SHORT,1969.0014999999999,1965.63,8,0.0013983211569956744,14.333904866334706,True,2023-11-07T20:00:00.000000,2023-11-08T05:00:00.000000
LONG,1965.63,1965.5535,4,-0.00034610479280394735,-3.552810644841884,False,2023-11-08T05:00:00.000000,2023-11-08T09:00:00.000000
SHORT,1965.5535,1953.79,8,0.005674202475569157,58.22626592195229,True,2023-11-08T09:00:00.000000,2023-11-08T17:00:00.000000
LONG,1953.79,1958.225,20,0.0019464889510310002,20.087383138665245,True,2023-11-08T17:00:00.000000,2023-11-09T14:00:00.000000
SHORT,1958.225,1959.52,12,-0.001005408317076406,-10.395812110324187,False,2023-11-09T14:00:00.000000,2023-11-10T03:00:00.000000
LONG,1959.52,1939.4,20,-0.010597442173226002,-109.46622478342942,False,2023-11-10T03:00:00.000000,2023-11-13T00:00:00.000000
SHORT,1939.4,1936.26,12,0.001139581178180249,11.646552308206083,True,2023-11-13T00:00:00.000000,2023-11-13T12:00:00.000000
LONG,1936.26,1945.88,4,0.004647388440899292,47.55056914047782,True,2023-11-13T12:00:00.000000,2023-11-13T16:00:00.000000
SHORT,1945.88,1944.5,12,0.00037494547591521155,3.854149204904388,True,2023-11-13T16:00:00.000000,2023-11-14T05:00:00.000000
LONG,1944.5,1947.2,4,0.0010488393864727108,10.785299251781908,True,2023-11-14T05:00:00.000000,2023-11-14T09:00:00.000000
SHORT,1947.2,1954.3899999999999,4,-0.004018474985348353,-41.36563995292636,False,2023-11-14T09:00:00.000000,2023-11-14T13:00:00.000000
LONG,1954.3899999999999,1963.37,8,0.00425252396490583,43.5990002318631,True,2023-11-14T13:00:00.000000,2023-11-14T21:00:00.000000
SHORT,1963.37,1973.18,12,-0.0053300107739412406,-54.8783164470824,False,2023-11-14T21:00:00.000000,2023-11-15T10:00:00.000000
LONG,1973.18,1985.002,28,0.005671601053793163,58.084115730534904,True,2023-11-15T10:00:00.000000,2023-11-16T15:00:00.000000
SHORT,1985.002,1986.15,12,-0.0009142342544249393,-9.41597687506146,False,2023-11-16T15:00:00.000000,2023-11-17T04:00:00.000000
LONG,1986.15,1981.12,20,-0.0028531738912319637,-29.358840979542947,False,2023-11-17T04:00:00.000000,2023-11-20T01:00:00.000000
SHORT,1981.12,1979.4,8,0.0005253783650249755,5.3906602537626895,True,2023-11-20T01:00:00.000000,2023-11-20T09:00:00.000000
LONG,1979.4,1968.3049999999998,4,-0.0059238761910613835,-60.814040476278024,False,2023-11-20T09:00:00.000000,2023-11-20T13:00:00.000000
SHORT,1968.3049999999998,1978.04,8,-0.005260775861815947,-53.68677635036147,False,2023-11-20T13:00:00.000000,2023-11-20T21:00:00.000000
LONG,1978.04,1990.725,4,0.006065310277051816,61.57150854093743,True,2023-11-20T21:00:00.000000,2023-11-21T02:00:00.000000
SHORT,1990.725,1996.4995,24,-0.003276685793340839,-33.464762286390396,False,2023-11-21T02:00:00.000000,2023-11-22T03:00:00.000000
LONG,1996.4995,2003.7714999999998,4,0.0033214288247123136,33.81057163387777,True,2023-11-22T03:00:00.000000,2023-11-22T07:00:00.000000
SHORT,2003.7714999999998,1990.7649999999999,12,0.00617409342256825,63.05809518213027,True,2023-11-22T07:00:00.000000,2023-11-22T19:00:00.000000
LONG,1990.7649999999999,1993.4015,32,0.0009983110020155284,10.259038023921676,True,2023-11-22T19:00:00.000000,2023-11-24T08:00:00.000000
SHORT,1993.4015,1999.9365,8,-0.0036026504596060605,-37.059218300159046,False,2023-11-24T08:00:00.000000,2023-11-24T16:00:00.000000
LONG,1999.9365,2010.69,8,0.005059417845552527,51.85698210115697,True,2023-11-24T16:00:00.000000,2023-11-27T05:00:00.000000
SHORT,2010.69,2014.065,16,-0.002009300712571549,-20.698714112553716,False,2023-11-27T05:00:00.000000,2023-11-27T21:00:00.000000
LONG,2014.065,2015.3435,4,0.00028890237502210425,2.9701339361217833,True,2023-11-27T21:00:00.000000,2023-11-28T02:00:00.000000
SHORT,2015.3435,2046.365,40,-0.015564128402019706,-160.05718609023643,False,2023-11-28T02:00:00.000000,2023-11-29T19:00:00.000000
LONG,2046.365,2044.6399999999999,8,-0.0011515188903993279,-11.657592488983937,False,2023-11-29T19:00:00.000000,2023-11-30T04:00:00.000000
SHORT,2044.6399999999999,2038.38,8,0.0027467629710768993,27.77528989890925,True,2023-11-30T04:00:00.000000,2023-11-30T12:00:00.000000
LONG,2038.38,2039.68,4,0.00032827132867407904,3.3286002240238304,True,2023-11-30T12:00:00.000000,2023-11-30T16:00:00.000000
SHORT,2039.68,2036.2984999999999,4,0.0013372501808712745,13.563878580287565,True,2023-11-30T16:00:00.000000,2023-11-30T20:00:00.000000
LONG,2036.2984999999999,2041.8335,4,0.002400089641563685,24.37693297037913,True,2023-11-30T20:00:00.000000,2023-12-01T01:00:00.000000
SHORT,2041.8335,2041.0115,4,8.232735298352445e-05,0.8381791423307732,True,2023-12-01T01:00:00.000000,2023-12-01T05:00:00.000000
LONG,2041.0115,2046.45,4,0.002353417723341966,23.962243108304392,True,2023-12-01T05:00:00.000000,2023-12-01T09:00:00.000000
SHORT,2046.45,2076.5550000000003,20,-0.015522841917761432,-158.42384898077944,False,2023-12-01T09:00:00.000000,2023-12-04T06:00:00.000000
LONG,2076.5550000000003,2068.375,4,-0.004259770994195278,-42.79974897224383,False,2023-12-04T06:00:00.000000,2023-12-04T10:00:00.000000
SHORT,2068.375,2050.24,4,0.008475138919051606,84.79062741516645,True,2023-12-04T10:00:00.000000,2023-12-04T14:00:00.000000
LONG,2050.24,2019.8415,28,-0.015150860992184656,-152.8634064348189,False,2023-12-04T14:00:00.000000,2023-12-05T19:00:00.000000
SHORT,2019.8415,2022.1005,8,-0.0014421399760508047,-14.329906108770956,False,2023-12-05T19:00:00.000000,2023-12-06T04:00:00.000000
LONG,2022.1005,2025.45,4,0.0013315805573566042,13.212244715999987,True,2023-12-06T04:00:00.000000,2023-12-06T08:00:00.000000
SHORT,2025.45,2026.87,20,-0.0010549557986515579,-10.481449367844107,False,2023-12-06T08:00:00.000000,2023-12-07T05:00:00.000000
LONG,2026.87,2037.2335,8,0.004795111492140958,47.5912797492947,True,2023-12-07T05:00:00.000000,2023-12-07T13:00:00.000000
SHORT,2037.2335,2028.8899999999999,4,0.0037532638938393426,37.42960881597537,True,2023-12-07T13:00:00.000000,2023-12-07T17:00:00.000000
LONG,2028.8899999999999,2008.8065000000001,20,-0.01021870053337015,-102.28897572210008,False,2023-12-07T17:00:00.000000,2023-12-08T14:00:00.000000
SHORT,2008.8065000000001,2007.115,8,0.0004896474230893233,4.851274792161348,True,2023-12-08T14:00:00.000000,2023-12-10T23:00:00.000000
LONG,2007.115,1982.4,16,-0.012729255865639888,-126.17927195304401,False,2023-12-10T23:00:00.000000,2023-12-11T15:00:00.000000
SHORT,1982.4,1985.75,8,-0.0020271565384960555,-19.838487369799623,False,2023-12-11T15:00:00.000000,2023-12-12T00:00:00.000000
LONG,1985.75,1981.0349999999999,16,-0.0026971521038523516,-26.3417989782738,False,2023-12-12T00:00:00.000000,2023-12-12T16:00:00.000000
SHORT,1981.0349999999999,1980.2,8,7.855449130111936e-05,0.765135006266064,True,2023-12-12T16:00:00.000000,2023-12-13T01:00:00.000000
LONG,1980.2,2032.87,24,0.026265175482932168,255.8476738592817,True,2023-12-13T01:00:00.000000,2023-12-14T02:00:00.000000
SHORT,2032.87,2034.09,8,-0.0009880822590624394,-9.877655146256075,False,2023-12-14T02:00:00.000000,2023-12-14T10:00:00.000000
LONG,2034.09,2031.23,8,-0.001722956757774119,-17.20702561138569,False,2023-12-14T10:00:00.000000,2023-12-14T18:00:00.000000
SHORT,2031.23,2035.92,8,-0.0026323832061888597,-26.24409630795708,False,2023-12-14T18:00:00.000000,2023-12-15T03:00:00.000000
LONG,2035.92,2035.2150000000001,12,-0.0006791777909752605,-6.753380983513125,False,2023-12-15T03:00:00.000000,2023-12-15T15:00:00.000000
SHORT,2035.2150000000001,2019.205,4,0.007565166961238878,75.17288678956902,True,2023-12-15T15:00:00.000000,2023-12-15T19:00:00.000000
LONG,2019.205,2024.455,12,0.0022773319481734777,22.800385754773743,True,2023-12-15T19:00:00.000000,2023-12-18T08:00:00.000000
SHORT,2024.455,2023.65,4,6.987977452066474e-05,0.701221557752433,True,2023-12-18T08:00:00.000000,2023-12-18T12:00:00.000000
LONG,2023.65,2022.32,4,-0.0009691907541066191,-9.726203991504008,False,2023-12-18T12:00:00.000000,2023-12-18T16:00:00.000000
SHORT,2022.32,2026.5549999999998,4,-0.0024383075770577634,-24.4456439221849,False,2023-12-18T16:00:00.000000,2023-12-18T20:00:00.000000
LONG,2026.5549999999998,2026.18,4,-0.0004727702415173729,-4.728276755224215,False,2023-12-18T20:00:00.000000,2023-12-19T01:00:00.000000
SHORT,2026.18,2026.3449999999998,8,-0.0004000088015738701,-3.998682609986645,False,2023-12-19T01:00:00.000000,2023-12-19T09:00:00.000000
LONG,2026.3449999999998,2030.0349999999999,4,0.0015111580040612083,15.10022804082837,True,2023-12-19T09:00:00.000000,2023-12-19T13:00:00.000000
SHORT,2030.0349999999999,2040.45,4,-0.0054600631711023695,-54.642063262013835,False,2023-12-19T13:00:00.000000,2023-12-19T17:00:00.000000
LONG,2040.45,2040.1385,8,-0.00046905457128998407,-4.66847484025493,False,2023-12-19T17:00:00.000000,2023-12-20T02:00:00.000000
SHORT,2040.1385,2041.1185,4,-0.0007985637011563851,-7.94433335663598,False,2023-12-20T02:00:00.000000,2023-12-20T06:00:00.000000
LONG,2041.1185,2038.165,8,-0.0017680286369616827,-17.574793823781874,False,2023-12-20T06:00:00.000000,2023-12-20T14:00:00.000000
SHORT,2038.165,2036.33,4,0.0005728128957627199,5.683883997733574,True,2023-12-20T14:00:00.000000,2023-12-20T18:00:00.000000
LONG,2036.33,2032.2935,4,-0.0022915357771459144,-22.75138080382021,False,2023-12-20T18:00:00.000000,2023-12-20T23:00:00.000000
SHORT,2032.2935,2037.5785,4,-0.003002508548361482,-29.741921743603598,False,2023-12-20T23:00:00.000000,2023-12-21T03:00:00.000000
LONG,2037.5785,2043.9814999999999,16,0.002808445675624771,27.736066330622634,True,2023-12-21T03:00:00.000000,2023-12-21T19:00:00.000000
SHORT,2043.9814999999999,2051.4849999999997,12,-0.004035760187213411,-39.9688979963812,False,2023-12-21T19:00:00.000000,2023-12-22T08:00:00.000000
LONG,2051.4849999999997,2063.4705000000004,16,0.005496224994656407,54.21320347940127,True,2023-12-22T08:00:00.000000,2023-12-26T01:00:00.000000
SHORT,2063.4705000000004,2061.975,8,0.0003516851426494938,3.487988414539359,True,2023-12-26T01:00:00.000000,2023-12-26T09:00:00.000000
LONG,2061.975,2068.29,12,0.002741463371934705,27.199202357982358,True,2023-12-26T09:00:00.000000,2023-12-26T21:00:00.000000
SHORT,2068.29,2064.755,12,0.001368630233037349,13.6159774380194,True,2023-12-26T21:00:00.000000,2023-12-27T10:00:00.000000
LONG,2064.755,2070.2765,4,0.00236529484960335,23.563617375482863,True,2023-12-27T10:00:00.000000,2023-12-27T14:00:00.000000
SHORT,2070.2765,2078.5385,4,-0.0043045388850219135,-42.984247963006055,False,2023-12-27T14:00:00.000000,2023-12-27T18:00:00.000000
LONG,2078.5385,2079.615,4,0.0002094981215288172,2.083000422879195,True,2023-12-27T18:00:00.000000,2023-12-27T23:00:00.000000
SHORT,2079.615,2075.5485,12,0.0015370894730060147,15.286193313795593,True,2023-12-27T23:00:00.000000,2023-12-28T11:00:00.000000
LONG,2075.5485,2062.9,33,-0.0064494364483010935,-64.23755519667066,False,2023-12-28T11:00:00.000000,2023-12-29T21:00:00.000000
